Exercise 2 Part (C),,,,,,,,,,,,,,,,,
  Value Weighted Returns -- Monthly,,,,,,,,,,,,,,,,,
Date,Lo 20,Qnt 2,Qnt 3,Qnt 4,Hi 20,Lo 10,2-Dec,3-Dec,4-Dec,5-Dec,6-Dec,7-Dec,8-Dec,9-Dec,Hi 10,Mkt-RF,RF
196307,1.13,-0.08,-0.97,-0.94,-1.41,1.35,0.77,0.08,-0.24,-0.69,-1.2,-0.49,-1.39,-1.94,-0.77,-0.39,0.27
196308,3.66,4.77,6.46,6.23,9.69,3.52,3.89,4.29,5.25,5.23,7.55,7.57,4.91,9.04,10.47,5.07,0.25
196309,-2.78,-0.76,-0.78,-0.81,-2.73,-3.09,-2.24,-0.54,-0.97,-1.37,-0.27,-0.63,-1,-1.92,-3.68,-1.57,0.27
196310,0.74,3.56,2.03,5.7,3.06,1.25,-0.12,2,5.12,2.32,1.78,6.63,4.78,3.1,3.01,2.53,0.29
196311,-0.63,-0.26,-0.81,-0.92,0.13,-0.91,-0.15,1.6,-2.05,-0.94,-0.69,-1.32,-0.51,-0.2,0.52,-0.85,0.27
196312,2.66,2.07,2.66,2.34,0.75,3.86,0.63,2.31,1.83,3,2.36,1.25,3.45,0.3,1.28,1.83,0.29
196401,2.89,2.75,2.4,3.62,1.56,3.74,1.41,2.74,2.76,1.76,2.95,2.88,4.35,2.07,0.96,2.24,0.3
196402,1.31,1.38,1.98,2.77,3.15,1.08,1.72,0.62,2.14,2.36,1.66,1.74,3.78,2.53,3.89,1.54,0.26
196403,0.95,0.63,2.26,3.11,6,1.05,0.76,0.05,1.2,2.92,1.69,2.28,3.9,5.89,6.12,1.41,0.31
196404,2.35,1.48,-0.38,-2.46,-3.26,2.65,1.81,1.57,1.38,-0.89,0.07,-2.26,-2.65,-1.79,-4.98,0.1,0.29
196405,1.67,1.53,1.42,1.93,1.37,1.64,1.71,0.23,2.81,2.08,0.84,0.71,3.09,1.41,1.33,1.42,0.26
196406,1.76,2.04,1.27,1,1.92,1.52,2.2,3.81,0.34,1.14,1.39,2.07,0.01,2.14,1.66,1.27,0.3
196407,1.38,3.64,2.23,0.18,0.95,4.07,0.67,4.86,2.24,3.43,1.02,1.07,-0.54,1.22,0.48,1.74,0.3
196408,-0.96,-0.49,-1.28,-2.12,-2.09,1.34,-1.59,0.13,-1.23,-1.92,-0.62,-1.56,-2.59,-1.79,-2.65,-1.44,0.28
196409,1.55,3.35,3.65,2.99,5.73,2.88,1.17,3.48,3.19,3.58,3.72,3.08,2.91,5.75,5.68,2.69,0.28
196410,1,1.58,1.32,-1.1,0.43,1.17,0.95,0.94,2.33,1.46,1.18,0.64,-2.54,-0.42,1.97,0.59,0.29
196411,0.35,0.27,1.45,-0.89,-2.73,1.3,0.08,-0.26,0.89,1.96,0.93,-0.09,-1.57,-2.96,-2.31,0,0.29
196412,1.5,0.18,0.06,-0.37,-0.8,-0.11,1.96,0.58,-0.28,0.09,0.04,-1,0.19,-1,-0.45,0.03,0.31
196501,1.29,3.67,4.65,6.41,6.81,2.89,0.84,4.02,3.27,5.55,3.71,4.84,7.76,6.19,7.9,3.54,0.28
196502,-0.35,-0.69,0.84,3.07,4.34,1.17,-0.79,-0.01,-1.49,-0.43,2.19,3,3.12,3.86,5.18,0.44,0.3
196503,-1.41,-0.42,-2.08,-0.69,-0.33,-0.01,-1.81,0.09,-1.03,-2.62,-1.53,-1.15,-0.3,-0.2,-0.56,-1.34,0.36
196504,1.98,3.83,4.05,3.89,5.13,1.29,2.19,4.8,2.67,2.07,6.06,2.06,5.4,5.31,4.79,3.11,0.31
196505,0.86,-1.69,0.29,-0.53,-1.4,-0.1,1.14,-2.46,-0.74,2.11,-1.5,-0.49,-0.57,-1.49,-1.24,-0.77,0.31
196506,-3.79,-4.05,-5.06,-6.16,-9.29,-5.06,-3.42,-5.44,-2.36,-5.21,-4.91,-6.62,-5.8,-8.59,-10.53,-5.51,0.35
196507,1.92,0.83,0.81,2.45,5.59,2.1,1.78,1.48,0.5,0.65,0.97,0.8,3.64,4.62,6.67,1.43,0.31
196508,1.29,2.52,4.11,4.36,7.4,1.16,1.39,1.62,3,3.63,4.58,3.47,4.97,5.55,9.43,2.73,0.33
196509,4.49,2.17,2.42,2.22,5.51,4.92,4.18,3.13,1.68,2.78,2.08,2.48,2.04,5.65,5.37,2.86,0.31
196510,2.55,1.88,2.64,4.05,6.96,1.76,3.14,2.89,1.35,2.14,3.13,3.89,4.17,5.99,7.99,2.6,0.31
196511,-0.77,-2.07,1.37,2.14,6.46,1.35,-2.32,-0.79,-2.76,2.02,0.74,3.27,1.36,4.69,8.3,-0.03,0.35
196512,0.58,1.09,0.92,1.7,4.76,0.63,0.54,0.71,1.29,0.67,1.17,3.42,0.48,4.44,5.07,1.01,0.33
196601,0.39,-0.34,0.87,1.93,6.28,0.98,-0.06,0.04,-0.55,1.61,0.14,1.97,1.9,6.11,6.44,0.72,0.38
196602,-2.91,-2.03,-0.86,1.39,5.7,-3.51,-2.44,-3.03,-1.49,-1.01,-0.7,-0.45,2.72,3.07,8.34,-1.21,0.35
196603,-2.41,-2.2,-3.15,-0.86,-0.65,-1.34,-3.23,-3.04,-1.74,-2.56,-3.75,-2,-0.06,0.04,-1.3,-2.51,0.38
196604,1.37,1.51,1.75,4.78,5.36,2.7,0.33,0.31,2.15,1.44,2.05,5.15,4.51,5.35,5.37,2.14,0.34
196605,-4.78,-3.59,-4.99,-5.16,-11.16,-4.84,-4.73,-3.84,-3.47,-4.97,-5.01,-5.22,-5.12,-9.91,-12.37,-5.66,0.41
196606,-2.04,-1.39,-1.73,0.09,1.99,-2.08,-2,-2.95,-0.58,-1.51,-1.95,1.25,-0.71,0.32,3.64,-1.44,0.38
196607,-0.55,-1.05,-0.17,-2.74,-2.11,-0.36,-0.68,-0.48,-1.38,-0.32,-0.05,-2.14,-3.26,-2.32,-1.94,-1.63,0.35
196608,-6.72,-7.59,-7.62,-7.28,-8.71,-6.88,-6.61,-8.11,-7.29,-7.04,-8.08,-5.42,-8.89,-8.62,-8.79,-7.91,0.41
196609,1.61,0.17,-0.94,-2.27,-5.22,1.59,1.63,0.16,0.18,-1.67,-0.35,-2.59,-1.99,-5.03,-5.38,-1.06,0.4
196610,7.44,5.05,4.68,2.47,-2.79,5.78,8.52,7.23,3.81,5.31,4.17,2.03,2.86,-0.61,-4.57,3.86,0.45
196611,-1.5,-0.82,1.87,6.04,10.94,-1.09,-1.76,0.05,-1.33,1.48,2.17,2.15,9.47,8.49,13.02,1.4,0.4
196612,1.15,-0.12,1.45,-0.53,0.57,-0.16,1.98,1.03,-0.81,2.1,0.93,-0.81,-0.3,1.68,-0.34,0.13,0.4
196701,4.98,7.8,8.56,11.01,14.38,3.78,5.73,7.42,8.03,9.56,7.74,10.99,11.03,13.48,15.12,8.15,0.43
196702,-0.02,0.3,0.8,3.33,2.37,-0.89,0.51,0.64,0.09,1.2,0.47,1.4,4.9,1.32,3.23,0.78,0.36
196703,3.61,3.12,5.38,5.34,5.64,4.54,3.04,2.93,3.24,6.2,4.71,5.59,5.15,5.86,5.46,3.99,0.39
196704,1.24,4.79,3.9,6.28,6.21,1.22,1.25,2.78,6,4.13,3.71,5.85,6.62,5.26,6.97,3.89,0.32
196705,-3.36,-4.46,-4.06,-4.18,-3.92,-1.86,-4.28,-2.68,-5.5,-3.24,-4.74,-4.27,-4.11,-5.8,-2.44,-4.33,0.33
196706,1.99,1.01,2.92,3.86,4.44,1.85,2.08,1.54,0.69,3.02,2.83,2.82,4.67,4.01,4.76,2.41,0.27
196707,2.37,5.97,5.02,7.38,7.8,0.48,4.48,5.3,6.39,6.18,3.65,7.04,7.68,6.07,9.5,4.58,0.31
196708,-1.18,-0.33,-0.45,0.1,-0.37,-1.27,-1.07,0.2,-0.64,0.32,-1.37,-0.39,0.54,-0.45,-0.29,-0.89,0.31
196709,2.33,2.54,5.02,2.7,3.97,1.29,3.45,1.62,3.09,3.66,6.67,2.74,2.67,4.61,3.37,3.11,0.32
196710,-2.62,-4.06,-1.63,-3.49,-2.68,-3.69,-1.49,-4.67,-3.71,-5.18,2.55,-4.57,-2.56,-1.93,-3.41,-3.09,0.39
196711,1.32,1.06,0.16,0.65,0.02,0.89,1.75,0.77,1.23,-0.81,1.21,2.22,-0.69,-0.94,0.97,0.37,0.36
196712,2.35,3.1,3.15,4.09,5.37,2.56,2.14,5.39,1.79,3.23,3.06,6.24,2.21,4.52,6.19,3.05,0.33
196801,-0.67,-3.13,-4.75,-6.5,-5.94,0.3,-1.66,-1.05,-4.35,-3.06,-6.56,-4.74,-8.1,-5.58,-6.29,-4.06,0.4
196802,-1.98,-3.06,-2.99,-4.05,-6.69,-1.95,-2.01,-2.74,-3.26,-2.63,-3.39,-3.61,-4.46,-6.67,-6.72,-3.75,0.39
196803,-0.86,0.45,1.82,0.93,2.52,-1.26,-0.44,-0.26,0.88,0.16,3.66,0.48,1.37,2.74,2.33,0.2,0.38
196804,4.82,9.19,10.78,12.37,15,4.65,5.01,8.21,9.77,10.23,11.35,11.89,12.82,14.07,15.87,9.05,0.43
196805,0.76,2.16,2.94,3.87,6.6,1.05,0.46,2.82,1.78,1.55,4.39,5.6,2.27,7.04,6.21,2.28,0.45
196806,3.2,1.6,0.23,-0.75,-0.5,4.27,2.09,4.1,0.12,0.99,-0.53,0.66,-2.1,0.7,-1.61,0.69,0.43
196807,1.7,-3.92,-3.96,-4.56,-4.12,3.23,-0.55,-4.22,-3.69,-3.6,-4.53,-4.95,-4.04,-3.92,-4.32,-2.72,0.48
196808,1.09,1.72,1.57,3.49,2.92,0.95,1.31,2.21,1.33,1.41,1.82,3.98,2.82,2.05,3.78,1.34,0.42
196809,2.73,4.05,5.31,5.47,7.4,1.75,4.26,4.95,3.35,5.12,5.61,5.24,5.79,6.26,8.53,4.03,0.43
196810,2.1,-1.02,1.98,1.06,-0.02,2.43,1.6,-1.03,-1.01,3.02,0.4,0.66,1.6,1.24,-1.23,0.42,0.44
196811,6.38,5.34,3.85,6.02,9.82,6.88,5.61,3.79,6.57,1.99,6.74,5.4,6.88,8.76,10.87,5.43,0.42
196812,-4.05,-3.69,-2.96,-3.98,-2.45,-4.67,-3.08,-2.79,-4.39,-2.73,-3.29,-4.62,-3.13,-2.9,-2.01,-3.94,0.43
196901,0.47,-2.02,-0.58,-1.78,-0.59,0.92,-0.21,-0.71,-3.06,-0.45,-0.77,-1.79,-1.77,-0.5,-0.68,-1.25,0.53
196902,-4.59,-3.62,-4.23,-6.93,-10.7,-4.12,-5.32,-3.29,-3.89,-3.34,-5.56,-5.84,-8.37,-9.29,-12.04,-5.84,0.46
196903,2.8,3.86,3.74,1.4,2.99,3.12,2.28,2.81,4.71,3.63,3.91,1.5,1.26,3.24,2.75,2.64,0.46
196904,1.81,3.24,1.79,0.16,2.87,2.33,0.96,3.53,3.02,1.87,1.67,0.16,0.17,2.95,2.8,1.46,0.53
196905,1.51,-0.9,1.1,-0.83,-0.65,1.64,1.29,-0.12,-1.54,1.75,0.09,0.27,-2.34,0.81,-2.1,-0.1,0.48
196906,-6.47,-3.39,-6.38,-7.85,-12.81,-6.48,-6.46,-5.78,-1.48,-6.24,-6.6,-6.79,-9.36,-10.91,-14.74,-7.18,0.51
196907,-5.99,-5.5,-6.49,-8.27,-9.7,-5.76,-6.33,-5.87,-4.65,-5.24,-8.11,-7.4,-9.56,-7.67,-11.62,-7,0.53
196908,3.27,5.56,5.19,6.07,9.24,2.92,3.76,5.34,6.06,5.81,4.37,6.18,5.89,8.72,9.75,4.68,0.5
196909,-4.12,-1.8,-0.47,-2.59,-2.03,-4.97,-2.91,-1.85,-1.69,-0.32,-0.68,-2.56,-2.62,-1.81,-2.24,-2.98,0.62
196910,3.95,5.02,5.48,8.39,9.17,3.04,5.21,4.13,7.03,6.88,3.58,7.58,9.65,7.24,11.06,5.06,0.6
196911,-3.69,-2.68,-2.71,-3.22,-5.19,-3.51,-3.93,-2.68,-2.67,-1.97,-3.76,-1.79,-5.4,-3.93,-6.38,-3.79,0.52
196912,-1.52,-0.82,-2.43,-3.57,-5.02,-2.62,-0.01,-1.07,-0.29,-2,-3.04,-3.37,-3.87,-4.7,-5.34,-2.63,0.64
197001,-6.46,-7.27,-8.06,-8.89,-10.16,-5.97,-7.11,-7.19,-7.43,-8.25,-7.79,-7.6,-10.94,-10.43,-9.9,-8.1,0.6
197002,6.48,5.01,5.02,6.06,5.25,6.12,6.97,4.27,6.6,5.02,5.03,4.29,9,5.94,4.57,5.13,0.62
197003,0.78,-0.06,0.16,-1.82,-4.49,1.84,-0.63,0.76,-1.78,0.27,-0.01,-1.73,-1.95,-4.01,-4.96,-1.06,0.57
197004,-8.03,-8.87,-11.67,-12.4,-19.41,-8.1,-7.94,-8.83,-8.96,-12.02,-11.17,-11.35,-14.07,-16.53,-22.3,-11,0.5
197005,-3.42,-6.21,-9.37,-10.02,-10.09,-1.33,-6.28,-5.88,-6.93,-9.87,-8.66,-10.47,-9.29,-9.35,-10.88,-6.92,0.53
197006,-4.01,-4.73,-5.46,-8.6,-9.42,-5.2,-2.29,-5.01,-4.12,-7.79,-2.17,-8.9,-8.14,-7.38,-11.64,-5.79,0.58
197007,8.13,5.82,8.22,9.71,6.92,9.23,6.89,7.49,3.87,10.33,6.02,9.48,10,7.66,6.11,6.93,0.52
197008,3.74,5.43,5.25,8,10,3.84,3.62,5.72,5.06,3.75,6.85,6.89,9.39,8.51,11.62,4.49,0.53
197009,1.38,4.45,6.32,8.92,16.96,0.1,2.86,2.61,6.7,3.66,9.1,8.03,10.02,13.82,20.33,4.18,0.54
197010,0.25,-0.66,-3.13,-5.89,-9.64,0.26,0.25,-0.88,-0.39,-2,-4.24,-5.07,-6.87,-7.45,-11.86,-2.28,0.46
197011,5.94,5.05,4.98,4.57,1.86,6.6,5.21,5.31,4.75,5.76,4.18,4.08,5.15,1.44,2.3,4.6,0.46
197012,5.14,6.46,7,7.54,7.19,4.39,5.98,7.01,5.81,8.1,5.86,7.14,8.02,8.18,6.14,5.72,0.42
197101,3.02,4.07,7.45,10.37,13.29,3.86,2.08,3.93,4.23,5.71,9.26,10.11,10.68,13.9,12.63,4.84,0.38
197102,0.74,2.12,2.33,1.75,3.16,-0.19,1.81,1.45,2.9,2.55,2.12,1.78,1.71,2.12,4.31,1.41,0.33
197103,2.82,4.56,5.12,5.62,7.78,2.21,3.49,3.64,5.63,3.21,7.04,4.01,7.49,7.64,7.94,4.13,0.3
197104,2.19,4.11,5.04,6.26,5.14,0.93,3.57,5.33,2.72,5.2,4.88,5.8,6.79,7,3.15,3.15,0.28
197105,-3.32,-4.4,-2.94,-3.47,-4.98,-4.04,-2.56,-3.42,-5.56,-3.67,-2.22,-4.2,-2.64,-5.61,-4.29,-3.98,0.29
197106,1.15,0.03,0.73,-2,-2.01,1.36,0.94,0.66,-0.72,-0.07,1.51,-3.94,0.15,-2.55,-1.42,-0.1,0.37
197107,-2.47,-4.33,-4.49,-6.29,-8.93,-1.37,-3.78,-3.62,-5.2,-3.82,-5.45,-6.17,-6.43,-6.34,-11.66,-4.5,0.4
197108,1.02,6.18,6.34,5.28,8.61,-0.06,2.33,7.43,4.64,5.26,7.91,4.66,6.04,9.06,8.11,3.79,0.47
197109,-0.18,-0.43,-1.18,-0.05,-2.04,-0.48,0.18,-0.38,-0.5,-1.7,-0.44,-0.09,0,-0.94,-3.27,-0.85,0.37
197110,-1.95,-4.05,-6.54,-6.67,-6.95,-0.89,-3.2,-4.54,-3.43,-7.37,-5.38,-7.24,-5.98,-6.25,-7.75,-4.42,0.37
197111,0.73,0.19,-0.97,-0.69,-1.7,0.16,1.43,-0.09,0.53,-1.23,-0.62,-0.54,-0.87,-1.24,-2.25,-0.46,0.37
197112,7.81,8.99,10.54,10.39,12.48,7.24,8.49,8.41,9.72,10.42,10.71,10.14,10.69,11.68,13.43,8.71,0.37
197201,0.83,1.92,3.56,6.37,10.3,0.73,0.95,0.11,4.18,3.11,4.17,6.23,6.54,7.76,13.24,2.49,0.29
197202,2.17,3.07,3.35,5.16,4.17,1.35,3.14,3.81,2.18,3.99,2.5,3.56,7.06,4.46,3.83,2.87,0.25
197203,-0.11,2.53,0.77,-0.74,0.38,-1.38,1.34,2.64,2.4,1.6,-0.38,-2.14,0.86,0.93,-0.23,0.63,0.27
197204,0.65,-0.09,1.48,2.06,0.28,0.04,1.33,-0.51,0.41,1.31,1.71,0.74,3.53,0.69,-0.17,0.29,0.29
197205,2.24,1.27,1.76,1.03,0.2,2.06,2.43,0.3,2.43,2.65,0.52,0.04,2.08,0.28,0.1,1.25,0.3
197206,-0.4,-2.41,-2.54,-3.8,-7.05,-1.17,0.43,-2.73,-2.04,-2.67,-2.36,-4.26,-3.31,-6.34,-7.83,-2.43,0.29
197207,0.55,0.24,-0.79,-3.27,-5.04,1.18,0.05,0.59,-0.61,-0.29,-1.3,-1.63,-5.56,-4.33,-5.86,-0.8,0.31
197208,4.43,3.64,4.19,1.86,-0.36,6.07,3.12,3.04,5.12,3.99,4.41,2.47,0.98,-0.15,-0.59,3.26,0.29
197209,0.81,-0.93,-2.35,-3.67,-3.79,1.04,0.62,-0.74,-1.4,-1.02,-3.69,-2.79,-4.96,-3.05,-4.64,-1.14,0.34
197210,2.24,-0.21,-0.24,0.63,-2.15,3.5,1.22,-1.03,1.8,0.15,-0.65,1.11,-0.09,-2.69,-1.51,0.52,0.4
197211,4.91,4.43,5.08,6.75,6.24,4.67,5.11,3.84,5.84,5.23,4.93,7.48,5.63,7.32,4.99,4.6,0.37
197212,1.69,1.05,0.28,0.16,-3.02,1.42,1.92,1.43,0.19,-0.43,1.02,2.23,-3.07,-1.74,-4.54,0.62,0.37
197301,-1.18,-0.01,-6.27,-7.48,-8.79,-0.25,-1.94,1.71,-4.08,-6.22,-6.32,-6.28,-9.46,-7.37,-10.52,-3.29,0.44
197302,-3.63,-2.64,-5.38,-6.32,-10.22,-3.73,-3.55,-1.62,-5.22,-5.25,-5.51,-7.17,-4.87,-9.74,-10.82,-4.85,0.41
197303,0.25,-0.38,-2.64,-2.33,-2.65,1.26,-0.59,-0.93,1.03,-1.87,-3.45,-1.85,-3.12,-2.65,-2.64,-1.3,0.46
197304,-2.22,-5.73,-6.68,-7.39,-9.96,-0.6,-3.59,-5.85,-5.44,-4.49,-9,-7.11,-7.87,-9.31,-10.8,-5.68,0.52
197305,-0.98,-1.12,-3.62,-5.85,-10.2,0.42,-2.21,-1.06,-1.28,-3.48,-3.78,-5.31,-6.76,-8.53,-12.35,-2.94,0.51
197306,0.37,-0.71,-3.36,-3.49,-5.39,0.95,-0.16,-0.75,-0.59,-2.96,-3.81,-4.51,-1.75,-5.4,-5.38,-1.56,0.51
197307,2.04,4.71,12.57,11.09,17.85,1.76,2.31,4.29,6.04,11.95,13.17,9.89,12.99,15.91,20.34,5.05,0.64
197308,-3.48,-2.42,-2.08,-4.55,-4.32,-3.84,-3.12,-3.06,-0.45,-1.68,-2.47,-3.96,-5.46,-4.01,-4.72,-3.82,0.7
197309,4.27,3.29,9.86,9.43,12.04,4.36,4.17,0.91,10.4,9.31,10.39,8.23,11.33,10.08,14.5,4.75,0.68
197310,-0.4,1.11,0.27,-2.83,-1.9,1.75,-2.55,1.1,1.11,0.69,-0.14,-3.82,-1.31,-1.57,-2.31,-0.83,0.65
197311,-8.94,-10.69,-17.29,-18.71,-23.85,-8.28,-9.64,-10.75,-10.53,-17.72,-16.89,-18.52,-18.99,-23.05,-24.83,-12.75,0.56
197312,2.53,0.42,1.28,-0.78,-0.09,2.99,2.04,-0.95,4.13,-0.47,2.94,-1.93,0.95,1.23,-1.75,0.61,0.64
197401,-1.91,0.54,2.69,4.52,9.57,-3.74,0.04,1.67,-2.41,2.32,3.03,5.04,3.77,8.09,11.48,-0.17,0.63
197402,-0.17,-0.22,1.34,0.81,2.69,0.02,-0.36,-0.32,0.03,1.79,0.92,0.77,0.88,3.64,1.5,-0.47,0.58
197403,-1.92,-2.32,-3.05,-2.71,-3.42,-1.71,-2.13,-2.09,-2.94,-3.46,-2.67,-3.45,-1.61,-3.49,-3.33,-2.81,0.56
197404,-4.62,-3.8,-4.98,-4.85,-4.66,-4.54,-4.69,-3.7,-4.06,-4.3,-5.6,-4.66,-5.14,-3.72,-5.86,-5.29,0.75
197405,-2.48,-2.62,-5.27,-7.57,-5.63,-3.61,-1.3,-2.03,-4.24,-4.22,-6.26,-8.7,-5.93,-4.8,-6.71,-4.68,0.75
197406,-1.51,-0.8,-2.71,-4.39,-4.83,-2.09,-0.91,-0.76,-0.93,-3.55,-1.92,-5.17,-3.29,-4.71,-4.99,-2.83,0.6
197407,-6.78,-7.96,-7.29,-7.95,-9.02,-6.26,-7.54,-8.75,-5.67,-5.73,-9.01,-6.45,-9.73,-8.93,-9.12,-8.05,0.7
197408,-8.57,-8.55,-8.84,-7.66,-8.21,-7.57,-10.06,-7.81,-10.62,-9.3,-8.31,-6.48,-9.09,-9.46,-6.77,-9.35,0.6
197409,-10.11,-11.82,-11.82,-12.22,-10.87,-9.52,-11,-12.05,-11.14,-10.89,-12.87,-12.62,-11.72,-8.32,-13.72,-11.77,0.81
197410,18.68,14.56,17.87,10.24,10.13,18.66,18.71,13.1,18.76,15.94,20.08,12.96,6.86,8,12.66,16.1,0.51
197411,-4.39,-3.6,-4.63,-3.88,-4.47,-4.06,-4.9,-4.14,-2.11,-4.08,-5.22,-3.99,-3.73,-4.96,-3.92,-4.51,0.54
197412,-1.38,-2.55,-5.09,-4.37,-7.86,-0.43,-2.84,-2.22,-3.43,-4.83,-5.37,-3.34,-5.74,-6.85,-8.98,-3.45,0.7
197501,10.19,15.41,18.11,21.82,32.66,8.09,13.53,15.46,15.29,18.25,17.96,18.24,26.66,31.92,33.5,13.66,0.58
197502,5.55,7.13,5.73,6.29,8.08,6.01,4.85,8.24,4.09,4.63,6.94,6.51,6,8.9,7.15,5.56,0.43
197503,0.51,3.79,6.17,9,11,-0.55,2.11,3.16,5.57,5.45,6.96,7.61,10.75,8.48,13.85,2.66,0.41
197504,4.61,3.33,7.07,6.3,7.97,3.21,6.69,2.52,5.57,6.38,7.8,6.12,6.52,10.41,5.32,4.23,0.44
197505,6.11,4.05,4.5,8.23,6.78,6.97,4.86,3.67,5.08,5.26,3.7,7.96,8.55,6.46,7.16,5.19,0.44
197506,4.28,5.48,6.05,8.18,7.97,4.32,4.22,5.12,6.42,6.48,5.59,7.1,9.51,6.94,9.15,4.83,0.41
197507,-5.02,-6.78,-6.49,-6.96,-7.76,-4.83,-5.34,-5.33,-7.91,-5.86,-7.29,-7.61,-6.22,-7.75,-7.77,-6.59,0.48
197508,-1.47,-1.73,-3.02,-4.8,-5.52,-2.02,-0.55,-2.33,-1.26,-3.28,-2.69,-4.68,-4.93,-5.57,-5.45,-2.85,0.48
197509,-3.26,-2.98,-4.65,-4.9,-4.5,-2.24,-4.92,-2.79,-3.13,-4.12,-5.31,-4.56,-5.28,-4.92,-3.92,-4.26,0.53
197510,4.43,7.61,6.28,5.93,5.93,3.91,5.32,6,8.88,5.79,6.9,5.4,6.53,6.35,5.37,5.31,0.56
197511,2.01,4.25,2.89,3.8,4.51,1.59,2.71,4.13,4.34,3.13,2.6,3.19,4.5,6.55,1.73,2.64,0.41
197512,-0.05,-1.83,-1.31,-2.2,-2.46,-0.05,-0.05,-1.68,-1.95,-1.31,-1.31,-1.7,-2.75,-3.24,-1.35,-1.6,0.48
197601,10.06,11.57,15.34,16.84,19.89,7.82,13.73,10,12.77,13.62,17.52,14.55,19.43,17.13,23.75,12.16,0.47
197602,-1.21,-0.27,2.8,3.17,6.42,-1.31,-1.05,-0.42,-0.16,3.02,2.53,2.33,4.08,4.62,8.81,0.32,0.34
197603,3.17,3.28,1.69,1.15,1.52,3.49,2.67,3.94,2.79,2.26,1,0.95,1.36,1.66,1.34,2.32,0.4
197604,0.58,-2.37,-0.41,-1.98,-4.01,0.82,0.2,-0.91,-3.47,-0.25,-0.61,-1.73,-2.24,-3.07,-5.21,-1.49,0.42
197605,0.11,-1.58,-1.45,-1.02,-2.82,0.92,-1.16,-1.63,-1.55,-0.77,-2.31,-1.61,-0.39,-2.08,-3.77,-1.34,0.37
197606,4.07,4.28,5.18,5.09,6.29,4.21,3.85,3.79,4.66,4.62,5.9,4.57,5.64,6.76,5.67,4.05,0.43
197607,0.3,-1.01,-0.66,-0.8,-3.1,0.83,-0.5,-1.14,-0.9,0.12,-1.49,-0.45,-1.14,-2.38,-3.97,-1.07,0.47
197608,1.03,0.58,-1.43,-2.24,-3.16,1.57,0.21,0.76,0.43,-2.02,-0.8,-2.65,-1.84,-2.21,-4.33,-0.56,0.42
197609,3.62,1.68,1.47,2.23,2.01,4.23,2.69,2.4,1.1,0.65,2.33,3.3,1.21,1.43,2.73,2.07,0.44
197610,-1.17,-2.1,-2.53,-3,-4.97,-0.81,-1.74,-2.11,-2.1,-2.3,-2.76,-2.74,-3.26,-4.75,-5.25,-2.42,0.41
197611,0.67,-0.63,1.31,3.1,3.65,1.67,-0.92,-1.48,0.06,1.94,0.64,2.62,3.57,3.08,4.37,0.36,0.4
197612,5.57,5.49,6.89,6.92,9.06,5.04,6.44,7.41,3.94,6.8,6.99,6.78,7.06,8.85,9.32,5.65,0.4
197701,-1.81,-5.6,-4.65,-3.46,-3.33,-0.86,-3.34,-5.57,-5.62,-4.41,-4.9,-3,-3.9,-4.05,-2.43,-4.05,0.36
197702,-1.52,-1.3,-1.41,-2.44,-2.58,-1.13,-2.17,-1.65,-1,-0.95,-1.86,-1.94,-2.92,-2.35,-2.86,-1.94,0.35
197703,-1.08,-1.5,-0.71,0.53,-0.61,-1.07,-1.1,-2.12,-0.98,-0.24,-1.19,0.44,0.62,-1.16,0.07,-1.37,0.38
197704,1.42,-1.59,1.72,1.47,0.45,2.07,0.35,-0.32,-2.62,0.61,2.88,1.8,1.14,1.82,-1.21,0.15,0.38
197705,-0.24,-2.34,-1.3,-0.09,-0.64,0,-0.63,-1.48,-3.06,-2.07,-0.52,-0.6,0.41,-0.68,-0.59,-1.45,0.37
197706,4.14,4.89,5.55,6.91,9.14,3.54,5.15,4.03,5.62,4.91,6.19,5.74,8.05,9.52,8.65,4.71,0.4
197707,-1.2,-1.32,-1.11,-1.63,-0.83,-1.49,-0.71,-0.75,-2.17,-0.55,-1.8,-2.08,-1.15,-1.44,-0.06,-1.69,0.42
197708,-2.84,0.1,-0.61,-1.33,-0.07,-3,-2.56,0.17,0,-0.55,-0.68,-2.04,-0.6,-0.06,-0.07,-1.75,0.44
197709,0.69,-0.24,-0.44,-0.17,0.85,0.92,0.3,-0.88,0.73,-0.41,-0.46,-0.17,-0.17,0.73,1,-0.27,0.43
197710,-3.08,-4.52,-3.95,-4.12,-4.3,-3.44,-2.47,-3.83,-5.56,-4.02,-3.87,-3.09,-5.19,-4.03,-4.63,-4.38,0.49
197711,3.03,3.53,5.6,7.7,9.62,2.57,3.82,3.63,3.39,6.15,4.91,7.76,7.64,9.42,9.85,4,0.5
197712,1.05,0.3,0.62,0.64,1.46,1.47,0.35,0.98,-0.76,0.56,0.71,0.95,0.3,1.57,1.34,0.27,0.49
197801,-5.3,-5.17,-6.15,-6.33,-4.96,-5.28,-5.33,-4.54,-6.17,-5.87,-6.51,-6.79,-5.85,-5.78,-3.99,-6.01,0.49
197802,-0.43,-2.14,-1.25,-0.08,1.27,0.01,-1.19,-2.74,-1.18,-0.92,-1.65,-0.55,0.41,0.71,1.92,-1.38,0.46
197803,2.83,1.13,4.91,5.27,9.09,2.24,3.86,-0.3,3.4,4.75,5.11,5.27,5.27,9.08,9.1,2.85,0.53
197804,5.14,9.98,10.83,10.27,11.26,4.84,5.65,10.19,9.65,10.84,10.82,10.17,10.38,11.49,10.99,7.88,0.54
197805,1.13,1.47,2.51,4.39,7.28,0.85,1.6,0.82,2.46,2.48,2.54,4.4,4.38,6.6,8.06,1.76,0.51
197806,-1.48,-1.22,-0.91,-1.13,-0.39,-1.91,-0.76,-1.59,-0.67,-0.85,-0.98,-0.82,-1.45,-0.36,-0.42,-1.69,0.54
197807,3.14,6.12,6.3,7.37,9.3,2.66,3.94,5.02,6.96,5.72,6.88,6.95,8.06,8.1,10.62,5.11,0.56
197808,3.45,3.28,4.64,4.81,8.2,3.86,2.79,2.84,3.61,3.89,5.38,4.96,4.57,6.63,9.87,3.75,0.56
197809,1.8,-1.15,-2.22,-2.5,-2.84,2.44,0.77,-0.62,-1.54,-2.16,-2.28,-2.98,-1.73,-2.37,-3.31,-1.43,0.62
197810,-7.91,-9.62,-11.61,-15.08,-20.44,-7.61,-8.41,-10.55,-8.93,-11.6,-11.62,-13.45,-17.69,-17.61,-23.38,-11.91,0.68
197811,3.36,2.35,3.5,3.85,6.49,3.73,2.74,1.04,3.31,3.44,3.57,2.75,5.69,5.03,8.11,2.71,0.7
197812,1.05,2.27,2.05,1.57,1.86,0.97,1.18,0.05,3.86,2.79,1.32,1.83,1.14,0.43,3.4,0.88,0.78
197901,4.35,4.79,5.34,4.99,6.64,4.16,4.67,5.44,4.34,5.54,5.15,4.29,6.15,7.05,6.21,4.23,0.77
197902,-1.22,-2.48,-4,-4.19,-6.03,-0.94,-1.71,-2.55,-2.44,-3.88,-4.13,-3.45,-5.38,-5.33,-6.78,-3.56,0.73
197903,4.61,6.21,6.58,9.13,10.02,4.78,4.32,6.22,6.2,6.56,6.6,8.79,9.7,8.62,11.53,5.68,0.81
197904,0.96,0.13,0.41,1.19,1.9,0.7,1.4,0.81,-0.33,0.61,0.2,0.84,1.76,2.52,1.25,-0.06,0.8
197905,-1.06,-1.27,-1.73,-1.34,-2.57,-1.05,-1.07,-0.75,-1.63,-2.12,-1.33,-0.64,-2.47,-1.96,-3.22,-2.21,0.82
197906,5.18,3.23,4.86,5.9,4.82,5.18,5.18,4.45,2.38,5.97,3.73,5.43,6.67,4.22,5.49,3.85,0.81
197907,1.62,0.98,1.51,1.85,3.16,1.06,2.21,2,0.2,1.16,1.94,1.35,2.69,3.23,3.08,0.82,0.77
197908,4.87,5.89,7.02,7.71,8.96,3.94,5.83,6.97,5.06,7.14,6.87,7.27,8.45,9.22,8.67,5.53,0.77
197909,0.97,0.1,0.02,-1.65,-1.25,-0.69,2.67,1.36,-0.9,0.19,-0.18,-2.11,-0.87,-2.47,0.07,-0.82,0.83
197910,-4.65,-8.44,-8.03,-8.02,-10.4,-3.83,-5.47,-8.53,-8.37,-7.35,-8.84,-7.69,-8.57,-10.41,-10.38,-8.1,0.87
197911,5.87,6.01,6.61,5.56,8.69,6.35,5.38,4.86,6.94,6.02,7.35,4.57,7.21,5.73,11.83,5.21,0.99
197912,0.77,2.19,3.38,4.39,7.13,0,1.55,2.7,1.78,3.4,3.35,4.43,4.34,6.73,7.54,1.79,0.95
198001,6.59,6.26,5.08,6.57,6.93,5.39,7.79,8.91,4.15,5.67,4.37,6.21,7.15,4.25,9.62,5.51,0.8
198002,4.52,-2.23,-3.65,-3.86,-1.37,2.02,6.98,0.52,-4.5,-3.08,-4.35,-4.45,-2.91,-0.79,-1.92,-1.22,0.89
198003,-11.09,-11.36,-10.43,-10.44,-17.3,-9.14,-12.91,-12.67,-10.23,-11.57,-9,-8.98,-12.77,-15.75,-18.79,-12.9,1.21
198004,7.06,3.79,4.13,3.44,5.89,7.57,6.58,5.32,2.49,4.21,4.03,3.27,3.72,5.99,5.79,3.97,1.26
198005,4.78,6.17,7.3,6.37,7.99,4.58,4.98,5.75,6.53,6.77,7.94,5.47,7.84,7.97,8.01,5.26,0.81
198006,3.25,4.6,2.72,3.83,3.36,3.49,3.02,5.32,3.97,3.08,2.29,3.67,4.09,2.88,3.86,3.06,0.61
198007,3.71,6.45,9.49,10.68,13.4,0.7,5.98,5.61,7.62,9.52,9.45,9.64,12.11,12.31,15.02,6.49,0.53
198008,1.16,1.56,1.88,5.98,6.8,0.46,1.66,1.76,1.29,1.55,2.3,5.96,6.01,6.6,7.1,1.8,0.64
198009,0.75,3.5,4.15,3.85,5.93,-1.76,2.51,3.47,3.54,4.12,4.19,4.04,3.6,6.06,5.73,2.19,0.75
198010,1.02,2.15,1.42,3.38,2.78,-1.65,2.81,2.52,1.65,1.7,1.09,3.11,3.74,2.47,3.23,1.06,0.95
198011,6.45,13.29,11.49,11.97,11.71,-0.16,10.7,13.03,13.64,11.47,11.51,12.32,11.51,11.31,12.28,9.59,0.96
198012,-0.62,-4.09,-4.1,-3.86,-4,3.26,-2.77,-3.86,-4.42,-3.46,-4.89,-5.57,-1.57,-3.66,-4.49,-4.52,1.31
198101,-1.37,-5.1,-4.34,-6.09,-6.53,2.26,-3.49,-5.56,-4.46,-4.68,-3.92,-4.96,-7.54,-6.68,-6.31,-5.04,1.04
198102,1.82,2,2.3,2.38,-0.69,1.22,2.19,2.37,1.5,1.87,2.84,3.2,1.29,-0.64,-0.76,0.57,1.07
198103,2.47,2.93,6.47,7.07,11.33,3.27,1.99,2.35,3.75,6.83,6.02,6.47,7.87,10.08,13.14,3.56,1.21
198104,0.31,-3.37,-0.66,-0.26,2.04,2.95,-1.31,-3.24,-3.56,-0.67,-0.65,-0.39,-0.09,1.77,2.42,-2.11,1.08
198105,1.11,-0.27,1.77,1.65,5.07,3.99,-0.74,-0.2,-0.35,2.1,1.35,1.07,2.42,4.25,6.18,0.11,1.15
198106,0.68,0.46,-1.9,-2.55,-5.38,0.81,0.6,0.46,0.45,-2.11,-1.64,-1.64,-3.72,-4.21,-6.92,-2.36,1.35
198107,-1.38,-3.29,0.96,3.14,0.76,0.46,-2.86,-3.87,-2.44,-1.15,3.29,4.41,1.08,1.23,0.29,-1.54,1.24
198108,-2.72,-5.29,-5.73,-7.23,-8.67,-0.64,-4.44,-4.51,-6.41,-5.3,-6.18,-6.81,-7.94,-8.08,-9.25,-7.04,1.28
198109,-0.66,-4.33,-7.74,-9.04,-9.82,0.14,-1.34,-3.84,-5.04,-6.12,-9.44,-8.69,-9.65,-9.02,-10.64,-7.17,1.24
198110,5.71,2.61,5.44,8.08,11.43,5.23,6.13,0.46,5.84,4.02,7.13,7.61,8.87,8.64,14.4,4.92,1.21
198111,4.43,4.93,4.91,5.73,0.78,4.23,4.6,4.83,5.07,5.71,3.98,6.2,4.94,1.13,0.43,3.36,1.07
198112,-2.37,-0.65,-3.11,-4.37,-4.21,-2.4,-2.34,0.5,-2.26,-2.92,-3.33,-5.15,-3.04,-4.5,-3.92,-3.65,0.87
198201,1.19,0.27,-4.12,-7.11,-4.22,1.68,0.78,1.32,-1.26,-2.86,-5.61,-7.66,-6.2,-4.18,-4.26,-3.24,0.8
198202,-1.66,-2.8,-4.47,-9.71,-9.04,-1.42,-1.86,-2.4,-3.4,-4.61,-4.3,-10.45,-8.5,-7.91,-10.22,-5.86,0.92
198203,1.84,0.62,-1.34,-3.67,-4.04,2.91,0.91,0.63,0.59,-1.16,-1.56,-2.46,-5.53,-2.74,-5.41,-1.87,0.98
198204,3.54,4.33,4.07,5.2,6.6,2.2,4.71,4.24,4.48,3.9,4.28,4.79,5.86,6.27,6.95,3.27,1.13
198205,-2.48,-2.88,-2.02,-2.21,-5.91,-1.05,-3.73,-2.84,-2.94,-3.14,-0.67,-1.25,-3.73,-5.7,-6.14,-3.99,1.06
198206,-0.35,-0.92,-3.42,-3.57,-3.22,-1.63,0.79,-0.46,-1.63,-1.84,-5.25,-3.06,-4.39,-1.32,-5.24,-3.09,0.96
198207,-0.74,0.58,-3,-5.03,-5.56,0.11,-1.72,1.98,-1.75,-2.35,-3.7,-5.95,-3.38,-6.93,-3.94,-3.19,1.05
198208,11.38,11.45,12.88,11.91,12.19,11.37,11.39,10.8,12.57,12.26,13.56,11.42,12.77,10.88,13.7,11.14,0.76
198209,1.33,3.4,1.57,2.08,0.34,0.95,1.77,3.44,3.32,1.95,1.16,2.29,1.72,1.24,-0.68,1.29,0.51
198210,9.61,12.15,11.52,11.58,17.36,7.26,12.35,11.17,13.83,11.69,11.34,9.74,14.81,15.84,19.12,11.3,0.59
198211,4.53,6.02,5.78,3.28,6.91,3.44,5.75,6.92,4.47,4.97,6.66,2.09,5.28,3.93,10.24,4.67,0.63
198212,0.34,1.96,1.2,2.54,1.17,1.17,-0.56,3.18,-0.19,2.13,0.21,3.5,1.05,2.14,0.16,0.55,0.67
198301,2.9,2.68,3.59,5.26,8.66,5.29,0.26,2.54,2.94,2.23,5.07,4.82,5.96,6.54,10.91,3.6,0.69
198302,2.2,4.1,3.49,4.71,1.65,1.4,3.14,3.56,5.1,3.42,3.56,4.21,5.49,0.88,2.44,2.59,0.62
198303,2.99,3.72,4.49,3.72,2.8,2.04,4.08,3.05,4.95,6.18,2.7,4.27,2.88,4.05,1.54,2.82,0.63
198304,6.41,9.58,6.7,6.6,7.25,4.57,8.45,9.85,9.1,8.26,4.98,6.42,6.89,7.09,7.42,6.67,0.71
198305,-2.33,-1.18,2.4,3.76,6.56,-1.97,-2.71,-2.7,1.56,1.79,3.09,2.52,5.68,5.63,7.52,0.52,0.69
198306,1.45,4.76,4.26,5.2,4.8,-1.28,4.36,6.05,2.53,3.16,5.48,5,5.52,5.45,4.14,3.07,0.67
198307,-2.18,-1.6,-3.65,-4.01,-6.41,-1.63,-2.86,-1.68,-1.42,-2.94,-4.26,-3.52,-4.6,-4.92,-7.87,-4.07,0.74
198308,1,0.67,1.36,0.34,-2.2,2.14,-0.43,0.92,0.06,0.32,2.26,1.12,-0.6,-1.4,-3.03,-0.5,0.76
198309,3.45,2.6,0.67,0.67,-1.11,4.04,2.71,2.21,3.54,1.72,-0.23,-0.08,1.61,0.65,-2.91,0.91,0.76
198310,0.88,-0.57,-4.14,-4.95,-8.63,1.08,0.62,-0.05,-1.82,-4.43,-3.89,-5.21,-4.63,-7.35,-9.99,-3.44,0.76
198311,1.31,1.54,3.87,5.03,5.38,1.3,1.32,0.78,3.38,3.32,4.34,4.66,5.48,4.51,6.33,2.16,0.7
198312,-2.81,0.31,0.18,0.3,-1.74,-2.98,-2.6,0.68,-0.55,0.31,0.07,-0.89,1.76,-1.65,-1.83,-1.78,0.73
198401,0.12,-2.06,1.35,-0.73,-5.09,1.04,-1.06,-2.31,-1.46,0.01,2.51,-3.01,2.05,-3.82,-6.42,-1.92,0.76
198402,-3.4,-3.63,-3.07,-6,-4.8,-3.41,-3.38,-3.67,-3.54,-3.33,-2.85,-6.16,-5.79,-3.36,-6.33,-4.82,0.71
198403,-0.74,2.63,1.67,2.7,0.5,-1.55,0.32,2.37,3.25,1.25,2.02,3.11,2.18,0.81,0.17,0.63,0.73
198404,0.46,1.18,1.44,-0.21,-1.76,0.33,0.62,1.38,0.71,1.08,1.74,-0.17,-0.27,-1.76,-1.77,-0.51,0.81
198405,-3.2,-5.09,-5.63,-6.27,-7.33,-1.76,-5.04,-4.86,-5.62,-6.96,-4.54,-5.73,-6.97,-5.9,-8.92,-5.97,0.78
198406,5.41,2.21,1.21,2.23,1.64,5.2,5.68,0.96,5.58,0.57,1.71,2.28,2.16,1.04,2.34,1.82,0.75
198407,0.02,-0.73,-2.85,-4.04,-6.66,1.35,-1.51,-0.22,-1.78,-2.35,-3.39,-3.61,-4.54,-5.26,-7.92,-2.74,0.82
198408,7.54,11.46,12.23,12.8,16.37,6.32,8.98,10.98,12.49,12.15,12.31,12.62,13.01,15.29,17.37,10.28,0.83
198409,1.82,0.82,-0.67,-1.7,-2.76,3.05,0.41,1.19,0.03,-0.34,-1.04,-1.63,-1.8,-2.33,-3.16,-0.8,0.86
198410,2.55,0.32,-0.32,-2.35,-1.68,2.9,2.13,0.99,-1.15,-0.75,0.18,-1.93,-2.86,-0.11,-3.13,-0.84,1
198411,1.06,-1.26,-1.59,-1.39,-3.63,1.42,0.62,-1.57,-0.58,-0.16,-3.22,-2.04,-0.6,-3.23,-4.02,-1.76,0.73
198412,2.41,3.02,1.94,1.95,2.36,2.2,2.67,3.33,2.33,1.32,2.68,2.61,1.14,2.03,2.68,1.84,0.64
198501,4.11,8.91,9.25,9.94,14.47,2.61,5.89,8.79,9.2,7.78,10.96,9.59,10.36,12.12,16.75,7.99,0.65
198502,2.9,1.16,2.55,1.36,0.32,2.83,2.99,0.76,2.1,2.85,2.21,1.5,1.19,1.42,-0.68,1.22,0.58
198503,3.43,-1.06,-1.35,-0.96,-2.75,4.66,2.01,-1.71,0.41,-1.99,-0.63,-1.49,-0.31,-1.49,-3.93,-0.84,0.62
198504,-0.4,0.79,0.03,-0.77,-3.38,-0.59,-0.18,0.1,2.29,1.11,-1.18,-0.31,-1.33,-2.29,-4.42,-0.96,0.72
198505,6.85,6.67,4.63,4.54,4.32,6.85,6.86,6.73,6.53,4.36,4.94,5.12,3.82,5,3.66,5.09,0.66
198506,2.89,1.39,0.52,1.5,1.2,3.68,1.97,0.21,3.97,1.1,-0.07,2.34,0.44,1.06,1.33,1.27,0.55
198507,-3.06,1.11,-0.39,1.02,2.41,-4.46,-1.45,1.02,1.29,-0.63,-0.03,0.47,2.1,3.29,1.48,-0.74,0.62
198508,0.98,-0.86,-0.99,-0.54,-2.06,1.35,0.56,-0.92,-0.72,-1.16,-0.74,-0.01,-1.57,-1.27,-2.9,-1.02,0.55
198509,-2.21,-2.96,-3.63,-5.34,-7.12,-2.75,-1.61,-2.78,-3.37,-3.88,-3.28,-4.55,-6.89,-6.57,-7.67,-4.54,0.6
198510,5.15,4.84,5.18,4.22,3.3,5.16,5.14,4.85,4.82,6.28,3.63,4.6,3.44,1.79,4.87,4.02,0.65
198511,7.28,7.42,5.84,6.23,8.3,7.23,7.35,7.48,7.27,4.94,7.16,5.92,6.86,8.29,8.3,6.48,0.61
198512,4.73,5.44,3.78,2.87,4.6,4.83,4.62,6.1,3.86,2.89,5.08,2.67,3.27,4.39,4.82,3.88,0.65
198601,1.46,0.73,1.36,0.26,0.93,0.21,2.85,0.28,1.82,0.2,3.01,0.06,0.65,-0.23,2.08,0.65,0.56
198602,8.08,6.96,9.37,7.22,7.6,8.8,7.3,6.5,8.06,9.52,9.16,7.49,6.66,7.74,7.46,7.13,0.53
198603,6.26,5.83,5.2,4.74,4.13,5.45,7.17,6.1,5.19,5.43,4.86,4.23,5.82,5.06,3.2,4.88,0.6
198604,-0.27,-0.48,-1.66,-1.79,-0.85,-0.8,0.3,-0.63,-0.13,-2.07,-1.1,-1.45,-2.52,-0.17,-1.54,-1.31,0.52
198605,5.39,4.77,5.91,5.19,4.35,4.48,6.35,4.71,4.91,5.98,5.81,5.31,4.95,5.53,3.14,4.62,0.49
198606,5.02,1.37,-0.41,-1.09,-0.85,4.76,5.29,1.76,0.42,0.2,-1.24,-0.74,-1.82,0.25,-2,1.03,0.52
198607,-1.35,-6.29,-6.72,-8.46,-9.63,0.22,-2.9,-5.45,-7.33,-6.38,-7.02,-9.39,-7.15,-9.66,-9.59,-6.45,0.52
198608,6.51,7.39,7.11,5.22,5.89,5,8.05,7.4,7.39,6.91,7.29,4.89,5.67,6.81,4.74,6.07,0.46
198609,-8.71,-7.46,-8.33,-8.45,-8.55,-9.67,-7.76,-7.06,-7.96,-8.1,-8.54,-8.75,-8.03,-7.37,-10.06,-8.6,0.45
198610,5.81,3.94,6.03,5.61,5.99,7.17,4.48,2.85,5.32,6.35,5.73,5.6,5.62,5.74,6.31,4.66,0.46
198611,1.49,2.28,1.1,1.81,0.89,1.17,1.81,1.81,2.85,0.4,1.73,2.28,1.15,1.73,-0.23,1.17,0.39
198612,-2.29,-2.39,-2.94,-3.15,-3.87,-3.07,-1.52,-2.72,-1.99,-3.37,-2.55,-3.6,-2.49,-4.46,-3.07,-3.27,0.49
198701,10.98,12.82,13.4,13.64,15.15,9.65,12.28,11.29,14.7,12.87,13.85,12.49,15.29,13.54,17.31,12.47,0.42
198702,0.62,4.26,6.23,7.69,9.17,-0.64,1.81,4.32,4.19,7.55,5.12,7.96,7.32,7.4,11.47,4.39,0.43
198703,2,3.02,1.77,0.85,0.69,0.85,3.07,3.62,2.32,1.27,2.21,0.4,1.48,2.03,-0.99,1.64,0.47
198704,-2.8,-0.62,-0.39,-2.45,-2.73,-3.46,-2.2,-0.95,-0.22,-1.12,0.24,-1.2,-4.19,-2.72,-2.73,-2.11,0.44
198705,1.02,0.16,0.8,1.14,0.59,0.87,1.15,1.07,-0.94,1.08,0.57,2.13,-0.27,1.35,-0.39,0.11,0.38
198706,5.47,5.03,4.47,4.66,1.71,4.76,6.1,4.54,5.62,4.45,4.49,5.03,4.11,3.6,-0.74,3.94,0.48
198707,2.82,5.68,4.27,5.62,4.26,2.52,3.08,4.75,6.7,3.68,5.11,5.28,5.94,5.2,2.76,3.85,0.46
198708,3.6,4.24,4.34,2.48,5.6,3.22,3.96,2.79,5.81,5.09,3.28,2.05,2.89,6.08,4.82,3.52,0.47
198709,-1.61,-0.28,-3.24,-2.18,-4.68,-2.57,-0.74,-0.6,0.05,-3.94,-2.25,-3.28,-1.17,-4.35,-5.23,-2.59,0.45
198710,-13.7,-22.12,-24.54,-26.68,-30.97,-12.12,-15.12,-20.32,-23.99,-24.36,-24.78,-27.16,-26.26,-29.69,-33.14,-23.24,0.6
198711,-7.57,-6.72,-7.19,-6.85,-10.09,-6.55,-8.51,-6.68,-6.77,-7.09,-7.33,-7.05,-6.67,-10.47,-9.43,-7.77,0.35
198712,3.89,6.44,8.4,10.59,10.23,3.25,4.5,5.93,7,8.03,8.93,10.58,10.59,9.64,11.24,6.81,0.39
198801,7.46,4.13,2.48,3.65,4.11,9.67,5.41,4.24,4.02,1.48,3.9,4.52,2.89,4.12,4.09,4.21,0.29
198802,2.05,4.77,6.09,7.75,8.21,1.57,2.51,3.88,5.75,5.64,6.71,7.92,7.6,8.02,8.54,4.75,0.46
198803,-1.88,-1.94,-3.61,-0.23,-2.15,-1.26,-2.46,-1.88,-2.01,-4.1,-2.93,-0.5,0.01,-2.57,-1.42,-2.27,0.44
198804,1.51,0.4,0.87,0.88,1.17,2.25,0.8,0.93,-0.16,1.18,0.45,2.92,-0.93,0.12,2.98,0.56,0.46
198805,1.56,0.04,0.29,-0.17,-0.81,1.48,1.64,0.81,-0.77,0.64,-0.17,0.13,-0.46,-0.55,-1.24,-0.29,0.51
198806,1.51,5.24,6.76,7.12,8.29,-0.02,2.99,4.64,5.88,7.8,5.35,8.36,5.94,8.24,8.38,4.79,0.49
198807,0.51,-0.83,-1.04,-0.86,-2.52,0.66,0.43,-0.26,-1.47,-2.2,0.29,-0.59,-1.24,-2.26,-2.8,-1.25,0.51
198808,-1.02,-2.91,-2.8,-3.67,-4.99,-0.77,-1.17,-2.16,-3.77,-3.13,-2.44,-3.71,-3.62,-4.68,-5.35,-3.31,0.59
198809,2.58,3.96,4.83,4.83,3.56,1.86,2.99,3.56,4.43,4.71,4.97,5.33,4.11,4.04,3,3.3,0.62
198810,2.67,2.47,1.36,1.97,-0.97,1.93,3.08,2.04,2.96,1.73,0.93,3.36,-0.08,-1.8,0,1.15,0.61
198811,-0.89,-1.61,-1.44,-2.27,-4.13,0.02,-1.39,-1.2,-2.07,-0.99,-1.95,-1.41,-3.61,-3.79,-4.52,-2.29,0.57
198812,1.34,2.03,2.08,2.45,3.53,1.49,1.26,1.95,2.12,2.08,2.08,1.83,3.44,2.86,4.29,1.49,0.63
198901,4.73,6.51,7.72,7.65,7.27,2.55,5.98,6.68,6.31,8.63,6.71,8.07,7.01,8.1,6.32,6.1,0.55
198902,-1.93,-1.81,-1.84,-1.8,-0.77,-1.24,-2.31,-1.31,-2.38,-2.26,-1.35,-1.77,-1.85,-0.28,-1.35,-2.25,0.61
198903,2.6,1.77,2.46,2.52,1.72,1.52,3.21,2.98,0.36,0.91,4.2,2.25,2.94,2.12,1.25,1.57,0.67
198904,4.65,5.39,5.08,4.95,4.54,3.83,5.1,5.67,5.04,5.1,5.06,4.57,5.54,4,5.18,4.33,0.67
198905,4.15,3.29,4.18,4.45,6.81,4.61,3.9,3.78,2.69,4.13,4.23,3.7,5.52,7.62,5.86,3.35,0.79
198906,1.11,-0.13,-1.25,-1.6,-3.18,1.86,0.71,-0.35,0.15,-1.08,-1.44,-1.89,-1.19,-2.51,-3.99,-1.35,0.71
198907,6,8.21,9.19,8.85,7.95,5.31,6.34,9.16,7.02,8.61,9.75,8.86,8.84,9.19,6.28,7.2,0.7
198908,0.41,2.31,2.49,2.84,3.53,-0.62,0.9,2.71,1.81,3.2,1.83,2.16,3.49,2.43,5.08,1.44,0.74
198909,0.75,-0.02,-0.54,-1.09,0.57,0.21,1,1.11,-1.49,0.21,-1.26,-1.33,-0.86,0.38,0.83,-0.76,0.65
198910,-0.24,-2.53,-3.71,-4.85,-5.63,1.43,-1,-1.47,-3.93,-3.57,-3.83,-6.11,-3.59,-5.2,-6.21,-3.67,0.68
198911,2.95,1.44,1.68,0.87,0.92,3,2.93,2.34,0.2,1.68,1.69,1.12,0.64,1.78,-0.28,1.03,0.69
198912,4.59,1.88,1.48,-0.87,-0.21,4.16,4.79,3.11,0.16,1.11,1.84,0.16,-1.87,-0.05,-0.44,1.16,0.61
199001,-6.15,-7.79,-7.17,-6.69,-8.42,-4.79,-6.79,-8.78,-6.36,-7.57,-6.79,-7.03,-6.37,-7.56,-9.61,-7.85,0.57
199002,0.42,1.74,1.46,2.43,4.04,0.84,0.22,1.09,2.66,1.9,1.04,2.49,2.38,3.67,4.58,1.11,0.57
199003,0.86,3,2.17,3.51,4.55,-0.76,1.62,2.94,3.08,1.15,3.15,4.98,2.16,3.28,6.34,1.83,0.64
199004,-3.32,-2.13,-2.09,-3.55,-2.91,-4.47,-2.78,-2.81,-1.18,-3.22,-1.02,-3.98,-3.15,-1.51,-4.83,-3.36,0.69
199005,6.92,9.2,8.83,10.15,13.56,4.65,7.95,8.77,9.79,9.9,7.84,10.1,10.2,14.16,12.7,8.42,0.68
199006,-0.91,-1.16,0.06,0.02,0.73,0.26,-1.43,-2.09,0.1,-0.91,0.96,0.14,-0.1,1.55,-0.45,-1.09,0.63
199007,1.87,-0.76,-1.46,-3.33,-4.38,2.2,1.71,0.42,-1.77,-1.41,-1.52,-1.58,-5.49,-3.3,-6.24,-1.9,0.68
199008,-5.83,-8.86,-9.63,-11.93,-13.92,-6.47,-5.5,-9.13,-8.62,-8.94,-10.41,-10.9,-13.24,-12.86,-15.81,-10.15,0.66
199009,-1.18,-3.45,-8.21,-7.78,-9.82,-0.36,-1.6,-3.69,-3.24,-7.28,-9.26,-6.2,-9.85,-7.51,-14.02,-6.12,0.6
199010,1.65,-0.17,-2.32,-2.71,-4.58,5.27,-0.23,-0.36,-0.01,-1.74,-3,-1.24,-4.7,-4,-5.73,-1.92,0.68
199011,3.55,5.95,8.33,8.99,12.14,2.12,4.33,4.92,6.83,8.22,8.47,7.67,10.86,11.62,13.18,6.35,0.57
199012,1.36,2.55,4.04,4.58,4.45,1.57,1.25,2.54,2.55,3.82,4.31,4.44,4.79,4.32,4.71,2.46,0.6
199101,-0.57,3.36,6.79,10.44,11,-0.99,-0.35,0.97,5.38,6.29,7.38,10.39,10.5,9.87,13.15,4.69,0.52
199102,6.3,6.56,8.03,9.07,10.08,5.34,6.81,6.16,6.89,9.03,6.85,9.74,8.16,9.17,11.77,7.19,0.48
199103,2.38,1.77,3.36,3.81,5.7,2.31,2.42,3.33,0.52,4.06,2.54,2.63,5.46,5.52,6.02,2.65,0.44
199104,0.62,0.08,0.61,-0.66,0.86,0.71,0.57,1.25,-0.88,-0.37,1.79,-0.45,-0.94,0.59,1.33,-0.28,0.53
199105,0.18,3.74,5.56,5.91,6.32,-0.22,0.39,1.18,5.88,5.08,6.11,6.45,5.17,6.48,6.03,3.65,0.47
199106,-2.26,-3.23,-5.01,-6.9,-6.16,-1.55,-2.62,-2.15,-4.09,-5.82,-4.08,-7.19,-6.49,-5.84,-6.74,-4.94,0.42
199107,3.48,5,3.81,6.13,6.32,4.76,2.92,5.52,4.34,4.34,3.32,6.57,5.49,6.4,6.2,4.24,0.49
199108,1.7,2.52,3.2,2.88,5.27,2.52,1.33,2.3,2.81,3.71,2.72,2.9,2.85,5.6,4.75,2.32,0.46
199109,1.16,-2.04,-2,-2.3,-0.97,3.46,0.1,-0.62,-3.86,-1.06,-2.91,-2.55,-1.94,-1.22,-0.58,-1.59,0.46
199110,2.25,1.7,1.83,0.62,0.88,1.56,2.58,2.14,1.1,3.04,0.63,0.56,0.7,0.3,1.77,1.29,0.42
199111,-2.18,-3.17,-5.16,-4.41,-5.24,0.26,-3.33,-2.86,-3.59,-4.96,-5.36,-3.31,-6.06,-5.94,-4.18,-4.19,0.39
199112,7.34,10.85,14.37,13.01,12.95,5.59,8.18,9.74,12.33,13.52,15.24,11.69,15.05,12.8,13.18,10.84,0.38
199201,-3.54,-2.02,0.23,2.31,8.47,-3.56,-3.53,-3.04,-0.68,-0.46,0.93,2.36,2.25,7.92,9.29,-0.59,0.34
199202,-0.94,0.56,2.45,4.74,2.99,-1.36,-0.73,0.4,0.77,1.11,3.78,4.72,4.77,4.33,1.01,1.09,0.28
199203,-1.57,-1.62,-2.59,-1.9,-5.22,-1.21,-1.74,-1.9,-1.26,-2.89,-2.3,-2.72,-0.69,-5.33,-5.05,-2.66,0.34
199204,4.41,2.63,1.67,-0.74,-4.24,3.6,4.79,2.14,3.24,2.13,1.23,-0.62,-0.92,-2.32,-7.22,1.07,0.32
199205,0.92,0.83,0.72,0.79,-1.05,1.86,0.48,1.8,-0.37,0.13,1.3,1.7,-0.52,-0.55,-1.86,0.3,0.28
199206,0.14,-2.54,-1.96,-2.89,-3.84,0.34,0.05,-2.64,-2.41,-2.33,-1.61,-2.36,-3.66,-2.84,-5.47,-2.34,0.32
199207,4.78,4.33,3.21,4.43,3.34,6.17,4.12,4.46,4.15,3.88,2.63,4.18,4.68,2.86,4.13,3.77,0.31
199208,-0.3,-2.2,-1.72,-4.55,-4.6,-0.21,-0.34,-1.43,-3.38,-2.32,-1.19,-4.63,-4.46,-4.75,-4.36,-2.38,0.26
199209,0.6,0.04,2.78,3.3,1.76,0.67,0.56,-0.21,0.44,2.33,3.16,2.78,3.84,2.4,0.69,1.19,0.26
199210,-1.42,1.33,0.6,3.17,5.98,-0.51,-1.86,0.99,1.88,-0.28,1.35,1.88,4.49,5.92,6.06,1.02,0.23
199211,0.57,2.59,5.87,6.54,10.54,-1.25,1.46,1.9,3.66,5.53,6.16,6.45,6.62,10.21,11.1,4.13,0.23
199212,1.07,1.61,1.39,3.05,3.26,3.11,0.11,1.79,1.33,0.59,2.06,3.19,2.92,3.56,2.76,1.53,0.28
199301,1.18,-0.64,0.61,3.62,4.11,2.95,0.33,-0.61,-0.67,0.08,1.04,2.32,4.92,4.78,2.99,0.93,0.23
199302,4.62,0.31,-0.51,-0.39,-3.18,5.14,4.35,0.73,-0.34,-1.47,0.28,-0.69,-0.1,-2.41,-4.5,0.12,0.22
199303,2.19,1.65,2.74,3.23,3.86,2.29,2.14,1.37,2.09,2.89,2.62,2.61,3.81,3.78,4,2.3,0.25
199304,-1.3,-1.5,-4.79,-2.91,-4.64,-0.61,-1.65,-2.3,-0.27,-4.47,-5.05,-1.98,-3.77,-4.94,-4.11,-3.05,0.24
199305,0.86,2.3,3.77,4.88,6.04,0.64,0.97,2.65,1.77,2.62,4.7,4.86,4.91,5.07,7.72,2.89,0.22
199306,1.83,-0.19,-0.44,0.52,1.61,2,1.75,0.4,-1.1,-0.2,-0.62,0.25,0.77,1.89,1.14,0.31,0.25
199307,0.88,-0.97,-0.1,-0.95,0.02,0.76,0.94,-0.64,-1.33,-1.7,1.74,-1.67,0.15,-0.47,0.72,-0.34,0.24
199308,4.28,3.16,2.98,4.73,5.19,3.5,4.7,3.02,3.33,3.84,2.02,5.3,3.88,5.38,4.92,3.71,0.25
199309,-0.26,-1.17,-0.92,0.96,3.4,-0.49,-0.13,-1.46,-0.84,-1.76,0.03,1.58,0.02,3.42,3.38,-0.12,0.26
199310,0.1,2.66,2.94,1.78,-0.57,-0.84,0.6,1.65,3.79,3.16,2.69,2.38,0.87,-1.62,0.89,1.41,0.22
199311,-3.59,-0.25,0.02,-1.85,-1.94,-3.64,-3.56,-1.85,1.53,0.88,-0.92,-2.49,-0.85,-1.18,-2.98,-1.89,0.25
199312,0.85,1.92,1.45,2.93,2.33,2.02,0.25,1.61,2.25,0.24,2.82,2.61,3.42,2.63,1.92,1.65,0.23
199401,1.59,2.59,3.59,3.83,4.98,0.62,2.09,1.68,3.55,4.23,2.9,4.13,3.37,5.03,4.91,2.87,0.25
199402,-4.11,-2.71,-1.21,-1.81,-1.14,-4.36,-3.98,-2.45,-2.99,-0.73,-1.73,-2.51,-0.74,-1.4,-0.8,-2.55,0.21
199403,-2.83,-4.3,-4.91,-5.65,-4.3,-2.92,-2.78,-3.59,-5.04,-4.68,-5.17,-4.91,-6.74,-4.1,-4.58,-4.78,0.27
199404,2.25,1.78,0.76,-1.68,0.92,2.45,2.15,2.01,1.54,0.74,0.77,-2.24,-0.82,0.69,1.22,0.68,0.27
199405,-0.35,2.55,0.54,1.77,1.03,-0.81,-0.11,2.94,2.14,-0.88,2.15,1.9,1.58,0.84,1.29,0.58,0.31
199406,-1.44,-2.7,-2.03,-3.23,-4.19,-2.35,-0.97,-1.61,-3.87,-1.09,-3.06,-3.1,-3.42,-4.18,-4.21,-3.03,0.31
199407,2.79,3.16,3.1,3.11,3.25,2.89,2.74,3.41,2.99,4.23,2.45,3.75,2.01,4.16,1.99,2.82,0.28
199408,1.37,5.96,3.59,4.68,7.83,1.21,1.45,5.21,6.43,3.98,3.37,3.96,5.92,7.63,8.1,4.01,0.37
199409,-1.35,-1.06,-3.44,-2.49,-3.28,-1.02,-1.52,-1.06,-1.06,-2.79,-3.83,-2.74,-2.07,-3.72,-2.65,-2.31,0.37
199410,2.55,1.52,1.79,0.91,2.28,2.69,2.47,2.05,1.18,1.39,2.02,1.07,0.64,2.94,1.31,1.34,0.38
199411,-3.47,-2.44,-4.52,-3.14,-4.81,-4.08,-3.15,-2.15,-2.63,-4.31,-4.64,-2.44,-4.31,-5.01,-4.53,-4.04,0.37
199412,0.93,1.89,1.85,0.69,0.36,0.73,1.03,2.08,1.76,0.95,2.38,1.31,-0.36,0.22,0.57,0.86,0.44
199501,3.44,1.94,2.01,2.49,1.96,2.72,3.82,1.77,2.05,2.73,1.6,3.24,1.19,2.35,1.41,1.8,0.42
199502,2.39,3.63,4.12,5.69,6.17,2.86,2.15,3.13,3.94,3.47,4.49,5.88,5.36,6.57,5.58,3.63,0.4
199503,2.06,3.5,2.6,2.46,1.99,2.75,1.7,2.74,3.97,3.12,2.3,1.76,3.71,1.92,2.09,2.19,0.46
199504,3.57,2.69,1.65,2.41,2.72,4.17,3.26,2.75,2.66,1.7,1.62,3.03,1.33,3.79,1.09,2.11,0.44
199505,2.79,4.32,3.12,3.89,4.29,3.33,2.52,3.65,4.73,2.56,3.44,3.67,4.28,4.57,3.84,2.9,0.54
199506,0.25,2.81,2.74,4.92,6.62,0.15,0.3,3.15,2.6,3.45,2.34,4.99,4.78,6.18,7.33,2.72,0.47
199507,2.58,2.71,3.73,5.73,6.88,3.89,1.64,3.07,2.43,3.78,3.68,5.17,6.66,4.99,9.08,3.72,0.45
199508,0.74,0.41,0.43,1.74,2.43,0.72,0.76,0.54,0.3,-0.39,1.37,2.06,1.23,0.67,4.39,0.55,0.47
199509,4.54,4.86,3.3,3.57,2.69,2.28,6.18,4.48,5.16,4.44,2.01,3.58,3.56,2.13,3.3,3.35,0.43
199510,0.8,-0.07,-1.2,-4.09,-2.03,1.1,0.59,-0.22,0.05,-2.49,0.28,-3.71,-4.7,0.64,-4.83,-1.52,0.47
199511,3.3,5.72,5.08,4.92,2.39,2.17,4.1,5.39,5.98,6.98,2.93,5.72,3.61,1.25,3.65,3.96,0.42
199512,4.18,2.04,1.52,0.69,-2.3,5.08,3.56,2.23,1.9,2.79,0.03,1.15,-0.06,-2.77,-1.8,1.03,0.49
199601,2.45,3.15,2.99,3.47,2.19,2.36,2.52,2.8,3.41,2.23,3.92,4.19,2.28,1.18,3.24,2.26,0.43
199602,-0.98,1.32,2.22,2.58,4.65,-0.51,-1.31,1.96,0.82,1.69,2.86,1.53,4.35,5.32,3.96,1.33,0.39
199603,0.14,0.7,2.62,1.87,0.01,-0.88,0.86,1.6,-0.02,3.46,1.62,1.33,2.76,0.71,-0.72,0.73,0.39
199604,1.13,0.57,1.96,2.5,6.06,1.22,1.07,0.32,0.76,0.71,3.49,2.25,2.9,6.32,5.78,2.06,0.46
199605,0.97,3.19,3.2,2.46,3.78,0.74,1.13,3.3,3.1,4.21,1.98,2.99,1.63,4.35,3.15,2.36,0.42
199606,1.78,0.85,-0.03,-2.36,-3.84,1.65,1.88,0.98,0.73,1.64,-2.07,-2.31,-2.44,-3.99,-3.67,-1.14,0.4
199607,-3.75,-5.23,-4.7,-5.47,-7.1,-3.84,-3.71,-6.37,-4.22,-4.68,-4.72,-4.38,-7.08,-5.68,-8.27,-5.97,0.45
199608,2.17,2.84,3.22,2.85,4.67,3.95,1.18,2.17,3.41,3.73,2.66,1.68,4.61,4.22,5.05,2.77,0.41
199609,3.24,4.15,5.42,5.88,8.96,2.91,3.43,3.61,4.61,5.36,5.48,5.53,6.4,7.03,10.59,5.01,0.44
199610,2.91,1.48,2.81,0.56,1.47,3,2.87,2.15,0.9,3.11,2.48,1.42,-0.68,2,1.05,0.86,0.42
199611,5.75,5.34,6.86,9.13,8.15,7.18,4.93,5.35,5.33,6.65,7.08,8.31,10.34,7.93,8.33,6.25,0.41
199612,-0.33,-0.62,-2.36,-0.67,-1.82,-0.89,0,0.47,-1.55,-2.99,-1.69,0.27,-2.01,-2.84,-1,-1.7,0.46
199701,3.39,4.78,5.32,6.55,8.9,2.67,3.8,3.86,5.57,4.47,6.23,7.32,5.44,6.77,10.61,4.98,0.45
199702,-0.2,1.06,1.8,0.79,-3.58,-1.58,0.58,0.48,1.55,2.4,1.16,0.74,0.88,0.32,-6.61,-0.49,0.39
199703,-1.42,-4.52,-3.61,-5.55,-7.33,-3.11,-0.49,-3.83,-5.09,-3.41,-3.83,-5.87,-5.07,-7.84,-6.9,-5.02,0.43
199704,2.93,5.2,5.63,5.94,4.56,3.37,2.69,3.23,6.8,5.62,5.65,7.39,3.83,7.06,2.5,4.04,0.43
199705,6.19,6.13,6.3,7.12,9.03,6.74,5.89,6.33,5.98,7.3,5.25,6.94,7.4,7.47,10.37,6.74,0.49
199706,4.03,4.23,5.58,3.81,3.27,4.18,3.94,4.43,4.06,6.29,4.81,3.78,3.85,5.23,1.64,4.1,0.37
199707,8.08,6.15,7.78,7.91,10.37,6,9.01,4.18,7.61,7.61,7.97,6.1,9.33,11.82,8.73,7.33,0.43
199708,-1.88,-5.3,-4.78,-3.98,-2.42,-0.69,-2.4,-7.03,-4.09,-4.77,-4.79,-3.03,-4.71,-3.91,-0.7,-4.15,0.41
199709,4.94,4.88,5.66,6,7.32,4.18,5.28,5.1,4.72,4.61,6.83,5.34,6.53,6.08,8.73,5.35,0.44
199710,-3.11,-2.38,-3.42,-2.84,-5.35,-4.58,-2.47,-2.05,-2.61,-3.51,-3.32,-0.14,-4.91,-6.15,-4.46,-3.8,0.42
199711,2.2,4.93,5.34,3.72,1.1,1.97,2.29,4.71,5.08,5.17,5.52,3.51,3.88,2.89,-0.86,2.98,0.39
199712,1.44,2.28,2.04,2.1,0.64,1.64,1.35,3.99,1.09,1.49,2.65,2,2.18,2.03,-0.92,1.32,0.48
199801,-1.28,0.71,0.4,2.64,-0.68,-0.6,-1.57,-0.55,1.62,0.23,0.59,1.56,3.49,-2.11,0.96,0.15,0.43
199802,6.63,7.17,6.6,7.19,9.2,7.91,6.08,6.41,7.71,7.05,6.1,6.2,7.96,10.7,7.53,7.04,0.39
199803,6.41,4.96,5.62,4.61,3.37,6.91,6.2,5.26,4.76,4.43,6.9,8.01,1.99,3.03,3.76,4.76,0.39
199804,1.42,0.93,0.09,0.74,3.22,0.28,1.91,-0.73,2.09,0.37,-0.21,1.43,0.18,2.76,3.74,0.73,0.43
199805,-0.75,-1.78,-1.82,-2.23,-4.55,-2,-0.22,0.29,-3.18,-0.74,-2.99,-2.86,-1.7,-4.13,-5.02,-3.07,0.4
199806,3.1,4.56,2.89,2.88,4.44,2.85,3.2,2.85,5.76,2,3.87,1.36,4.11,3.42,5.6,3.18,0.41
199807,-3.49,-1.9,-2.31,-0.99,-1.41,-1.25,-4.72,-2.39,-1.41,-2.7,-1.81,-1.77,-0.2,-0.57,-2.36,-2.46,0.4
199808,-11.67,-11.03,-14.44,-18.7,-22.8,-11.97,-11.5,-10.07,-11.99,-13.92,-15.09,-17.61,-19.8,-22.21,-23.48,-16.08,0.43
199809,4.67,7.04,6.18,7.91,6.06,7.28,3.2,7.17,6.9,5.04,7.62,8.73,7.06,4.92,7.39,6.15,0.46
199810,6.19,6.6,7.83,8.16,10.64,6.76,5.85,7.29,5.89,7.3,8.49,7.02,9.34,9.75,11.59,7.13,0.32
199811,3.84,6.82,5.72,6.43,8.61,3.13,4.28,5.74,7.96,4.63,7.06,3.15,9.61,7.71,9.57,6.1,0.31
199812,3.75,4.61,5.69,6.02,13.68,4.84,3.08,5.03,4.18,5.72,5.65,5.55,6.44,11.62,15.86,6.16,0.38
199901,-2.99,3.52,0.94,4.1,12.29,-0.52,-4.51,0.74,6.28,0.89,1.01,0.29,7.61,13.45,11.1,3.5,0.35
199902,-1.11,-4,-2.37,-3.49,-7.41,-1.08,-1.13,-2.46,-5.44,-2.55,-2.14,-1.32,-5.34,-6.97,-7.87,-4.08,0.35
199903,1.19,3.11,2.31,3.03,7.94,1.54,0.97,-0.41,6.53,3.93,0.28,3.94,2.22,5.49,10.57,3.45,0.43
199904,4.66,5.59,3,3.24,4.31,3.15,5.63,7.07,4.26,3.87,1.86,1.41,4.91,3.03,5.63,4.33,0.37
199905,-1.52,-1.15,-0.77,-2.98,-1.6,-2.95,-0.62,0.16,-2.36,-1.8,0.63,-1.92,-3.92,-2.78,-0.41,-2.46,0.34
199906,1.95,4.31,5,5.87,9.05,4.01,0.69,1.58,6.92,5.35,4.52,3.8,7.72,10.67,7.43,4.77,0.4
199907,-2.1,-2.07,-2.08,-4.56,-4.35,-2.27,-1.97,-1.12,-2.72,-2.01,-2.12,-0.59,-6.84,-2.93,-5.39,-3.49,0.38
199908,0.08,-0.31,-1.02,-2.12,-1.33,2.09,-1.41,-3.89,2.17,-4.21,0.84,-2.34,-1.99,-1.7,-1.05,-1.38,0.39
199909,-4.65,-1.16,-3.82,-2.72,-1.39,-4.92,-4.44,0.14,-2,-1.21,-5.26,-5,-1.33,-5.07,1.35,-2.79,0.39
199910,4.75,5.56,5.31,6.59,8.53,3.93,5.37,2.68,7.48,-0.55,8.42,4.03,8.08,5.54,10.62,6.12,0.39
199911,-0.04,-0.97,2.63,6.83,7.65,-2.44,1.76,1.27,-2.4,0.83,3.51,3.08,8.9,6.68,8.29,3.37,0.36
199912,-4.66,6.46,5.13,14.26,11.7,-3.02,-5.93,-1.45,11.67,5.73,4.85,11.19,15.83,9.83,12.92,7.72,0.44
200001,-0.76,-6.54,-2.73,-5.66,-5.21,-3.92,1.78,-0.54,-10.02,-2.13,-3.01,-7.13,-4.93,-2.44,-6.96,-4.74,0.41
200002,-8.38,-6.39,-2.78,6.61,15.87,-6.2,-10.01,-7.91,-5.42,-2.59,-2.86,-3.55,11.49,14.1,17.05,2.45,0.43
200003,8.63,10.2,12.27,9.99,1.16,9.08,8.27,9.59,10.57,10.76,12.98,9.63,10.14,-0.67,2.34,5.2,0.47
200004,3.58,-5.14,-2.17,-4.85,-5.97,4.63,2.76,1.56,-9.26,-1.37,-2.54,-3.7,-5.32,-3.87,-7.29,-6.4,0.46
200005,5.85,0.04,-2.42,-6.07,-7.92,4.51,6.91,1.57,-1.01,-4.26,-1.56,-2.26,-7.66,-8.52,-7.55,-4.42,0.5
200006,0.24,2.41,1.98,2.25,8.05,0.64,-0.06,-0.49,4.3,2.75,1.63,-1.19,3.77,8.81,7.58,4.64,0.4
200007,-3.86,-1.43,-0.69,1.1,-2.88,-4.46,-3.46,-1.54,-1.26,0.02,-1.45,2.36,-1.49,-3.39,-2.5,-2.51,0.48
200008,4.66,5.44,6.67,8.25,9.81,9.33,1.62,4.94,6.26,8.59,4.57,8.5,7.73,8.03,11.1,7.03,0.5
200009,5.42,5.36,-7.57,-4.49,-12.61,5.59,5.3,5.44,5.25,-11.3,-3.33,-3.51,-6.6,-11.94,-13.08,-5.45,0.51
200010,4.03,2.25,0.89,-1.88,-7.98,0.24,6.74,0.06,5.73,1.98,-0.25,-2.47,-0.58,-5.74,-9.58,-2.76,0.56
200011,2.3,-2.27,-7.12,-12.21,-18.91,1.09,3.11,0.07,-5.8,-7.52,-6.7,-13.04,-10.4,-16.27,-20.87,-10.72,0.51
200012,4.27,5.18,-2.53,4.1,-0.46,4.17,4.33,7.47,1.58,-1.57,-3.54,3.14,6.12,-2.55,1.19,1.19,0.5
200101,-7.19,-2.63,7.32,4.73,12.62,-7.93,-6.73,-4.44,0.4,1.86,13.17,4.14,5.92,6.62,17.08,3.13,0.54
200102,0.36,-1.18,-7.47,-10.19,-20.74,2.68,-1.07,-0.74,-1.87,-5.78,-9.1,-10.61,-9.36,-19.96,-21.27,-10.05,0.38
200103,-3.46,-4.74,-6.56,-4.89,-12.34,-2.92,-3.81,-3.49,-6.71,-7.44,-5.69,-5.66,-3.4,-12.48,-12.25,-7.26,0.42
200104,4.4,4.16,11.09,7.97,10.94,5.72,3.55,4.12,4.24,10.23,11.93,7.69,8.52,6.58,13.95,7.94,0.39
200105,2.15,1.43,0.44,0.9,1.07,2.52,1.91,0.92,2.28,-0.2,1.05,1.21,0.31,2.28,0.28,0.72,0.32
200106,-4.72,-2.65,0.18,-1.78,-0.07,-3.22,-5.71,-2.55,-2.83,0.4,-0.03,-1.5,-2.35,1.42,-1.05,-1.94,0.28
200107,0.82,1.38,2.91,-2.49,-6.13,-2.49,2.68,0.93,2.15,3.37,2.54,-4.24,-0.32,-3.88,-7.66,-2.13,0.3
200108,-1.41,-2.62,-5.01,-5.31,-12.13,1.17,-2.75,-2.48,-2.86,-5.6,-4.53,-5.03,-5.63,-9.96,-13.65,-6.46,0.31
200109,-2.06,-3.39,-3.59,-12.1,-17.37,-3.82,-1.11,-3.18,-3.76,-1.59,-5.18,-8.24,-16.69,-15.69,-18.61,-9.25,0.28
200110,0.22,-0.67,-2.01,3.98,9.55,0.77,-0.04,-1.55,0.92,-5.48,0.85,-0.05,9.24,6.04,12.22,2.46,0.22
200111,2.05,3.87,4.83,11.16,14.22,0.51,2.81,2.8,5.77,3.75,5.65,7.38,15.69,13.65,14.63,7.54,0.17
200112,1.16,1.03,2.96,2.15,0.89,3.37,0.08,2.65,-1.73,2.95,2.97,2.14,2.15,2.8,-0.48,1.61,0.15
200201,-0.3,0.06,0.28,-1.74,-3.69,-0.47,-0.22,-1.1,2.17,0.9,-0.2,-2.6,-0.78,-4.64,-2.99,-1.44,0.14
200202,2.07,1.74,2.1,-2.51,-9.7,2.15,2.02,2.12,1.08,2.57,1.75,0.86,-6.17,-6.13,-12.31,-2.29,0.13
200203,3.87,3.22,2.25,4.21,7.21,5.29,3.16,3.33,3.04,1.47,2.85,1.98,6.81,6.2,7.99,4.24,0.13
200204,-0.02,-3.62,-3.41,-5.69,-11.03,1.71,-0.9,-4.17,-2.64,-5.47,-1.85,-5.14,-6.3,-7.84,-13.47,-5.2,0.15
200205,-1.55,-0.26,0.38,-0.95,-2.57,-1.76,-1.44,0.09,-0.89,2.7,-1.3,0.1,-2.12,-0.62,-4.19,-1.38,0.14
200206,-7.78,-3.47,-5.06,-8.99,-10.13,-7.95,-7.69,-4.48,-1.71,-5.2,-4.96,-5.05,-13.54,-7.19,-12.65,-7.21,0.13
200207,-4.65,-8.01,-7.47,-5.6,-11.96,-4.33,-4.94,-7.39,-8.82,-7.6,-7.37,-2.95,-8.08,-11.65,-12.4,-8.18,0.15
200208,2.13,-0.47,1.79,-0.33,0.37,3.26,1.08,0.95,-2.36,1.03,2.33,-2.36,1.68,1.35,-1.05,0.5,0.14
200209,-7.05,-9.89,-8.64,-11.96,-13.14,-7.14,-6.97,-9.87,-9.93,-6.45,-10.17,-12.31,-11.63,-11.49,-15.6,-10.35,0.14
200210,3.35,7.37,5.77,6.05,15.82,3.7,3.03,4.88,10.77,4.67,6.57,2.98,8.94,14.46,17.95,7.84,0.14
200211,1.1,2.88,2.08,7.76,14.39,2.14,0.09,1.27,4.95,0.62,3.15,6.59,8.8,9.81,21.37,5.96,0.12
200212,-0.54,-2.81,-3.34,-6.7,-12.56,0.01,-1.07,-1.64,-4.27,-1.86,-4.4,-5.99,-7.31,-11.57,-13.93,-5.76,0.11
200301,-2.75,-1.7,-3.7,-2.58,-2.88,-3.03,-2.48,-0.24,-3.57,-4.19,-3.33,-4.1,-1.25,-4.87,-0.07,-2.57,0.1
200302,-2.64,-2.72,-2.62,-1.11,-0.35,-3.14,-2.14,-1.58,-4.23,-2.6,-2.64,-0.29,-1.8,-0.2,-0.56,-1.88,0.09
200303,1.47,1.5,1.77,1.18,-0.23,1.03,1.9,1.64,1.31,1.38,2.05,2,0.48,0.11,-0.69,1.09,0.1
200304,4.72,6.25,7.46,10.39,12.21,3.64,5.75,4.06,9.06,6.46,8.18,12.32,8.72,11.6,13.03,8.22,0.1
200305,5.33,4.5,4.09,5.47,9.79,5.05,5.58,4.22,4.85,6.9,2.07,2.8,7.87,6.96,13.61,6.05,0.09
200306,0.89,1.52,1.36,1.01,1.93,2.96,-1.05,2.63,0.16,1.98,0.91,1.11,0.93,2.21,1.57,1.42,0.1
200307,-1.77,1.01,2.8,3.98,6.05,-2.85,-1,-0.21,2.86,1.82,4.14,5.48,3.22,5.59,6.59,2.35,0.07
200308,-0.51,3.5,0.76,3.54,5.46,0.12,-0.95,3.89,2.92,0.79,0.72,3.5,3.56,3.8,7.41,2.34,0.07
200309,0.91,-1.61,-1.77,-1.53,-1.95,1.42,0.54,-1.34,-2,-2.35,-1,-2.69,-0.93,-1.29,-2.7,-1.24,0.08
200310,4.07,4.86,4.62,6.13,10.29,2.23,5.37,3.94,6.22,5.12,3.97,7.4,5.49,9.06,11.71,6.08,0.07
200311,2.38,2.85,-0.51,0.31,2.18,1.52,2.96,2.8,2.93,-0.47,-0.56,-0.39,0.67,1.05,3.46,1.35,0.07
200312,5.1,5.17,5.39,4.49,2.6,5.53,4.81,5.75,4.33,3.66,7.7,2.41,5.55,3.46,1.67,4.29,0.08
200401,1.17,1.12,2.56,1.4,3.5,1.66,0.83,0.95,1.38,1.29,4.19,0.82,1.68,1.55,5.67,2.15,0.07
200402,2.27,2.93,2.12,0.52,-0.08,2.45,2.14,3.59,1.96,3.23,0.72,2.65,-0.53,1.84,-2.12,1.4,0.06
200403,-1.69,-0.41,-1.12,-1.43,-1.32,-0.89,-2.24,-0.51,-0.26,-0.08,-2.45,0.23,-2.26,-0.78,-1.92,-1.32,0.09
200404,0.87,-0.2,-0.98,-1.76,-6.07,1.52,0.42,-0.02,-0.48,-0.55,-1.54,-1.98,-1.64,-4.46,-7.89,-1.83,0.08
200405,0.09,1.3,0.31,1.05,3.49,-0.6,0.58,1.41,1.14,-0.29,1.1,1.26,0.94,2.01,5.22,1.17,0.06
200406,1.55,2.07,1.27,3.78,1.55,2.82,0.65,1.9,2.33,0.16,2.72,2.82,4.29,0.45,2.79,1.86,0.08
200407,-2.91,-2.26,-0.62,-3.47,-10.2,-2.41,-3.39,-2.48,-1.84,-0.65,-0.59,-2.91,-4.05,-7.87,-12.47,-4.06,0.1
200408,2.28,0.88,0.71,0.04,-3.98,2.63,1.94,0.96,0.72,1.35,-0.02,0.38,-0.32,-2.97,-5.02,0.08,0.11
200409,-0.87,2.2,1.93,1.95,3.5,-2.13,0.35,0.54,5.35,0.59,3.49,1.39,2.54,2.93,4.09,1.6,0.11
200410,0.37,0.57,0.22,1.77,4.87,0.63,0.11,0.67,0.38,-1.63,2.31,1.63,1.93,4.62,5.12,1.43,0.11
200411,4.24,3.58,4.85,5,6.29,4.01,4.46,2.62,5.34,5.2,4.46,5.2,4.78,7.1,5.48,4.54,0.15
200412,3.19,2.64,3.41,3.77,4.92,3.89,2.49,2.75,2.44,3.35,3.48,4.65,2.82,4.97,4.88,3.43,0.16
200501,-2.05,-0.42,-1.95,-2.26,-6.24,-2.06,-2.04,-0.53,-0.23,-2.31,-1.56,-2,-2.55,-4.47,-8.01,-2.76,0.16
200502,2.39,5.15,1.68,0.07,0.5,1.68,3.11,4.7,5.94,2.29,1.01,0.49,-0.4,1.73,-0.78,1.89,0.16
200503,-0.02,-2.46,-1.88,-2.14,-2.2,-0.35,0.31,-2.77,-1.91,-4.02,0.47,-2.95,-1.22,-2.23,-2.16,-1.97,0.21
200504,-0.16,-1.99,-2.39,-2.64,-5.33,-0.12,-0.2,-1.44,-2.96,-2.68,-2.08,-4.3,-0.77,-5.22,-5.44,-2.61,0.21
200505,2.01,2.26,3.15,4.4,8.27,1.71,2.3,1.5,3.62,3.94,2.31,5,3.75,7.26,9.34,3.65,0.24
200506,0.61,1.19,0.88,0.36,0.12,0.21,1,0.75,1.95,1.44,0.28,-0.03,0.78,0.43,-0.21,0.57,0.23
200507,1.93,3.71,4.64,5.68,6.68,1.12,3.03,2.65,5.92,5.06,4.24,6.11,5.34,7.19,6.07,3.92,0.24
200508,-1.82,0.69,-0.65,-1.18,-1.72,-2.17,-1.36,1.13,-0.2,-1.16,-0.18,-1.2,-1.16,-1.58,-1.89,-1.22,0.3
200509,-0.1,1.71,0.5,1.3,0.69,-0.11,-0.09,1.78,1.58,1.88,-0.78,0.19,2.18,-0.38,1.94,0.49,0.29
200510,-1.32,-2.55,-0.95,-0.94,-3.34,-2.46,0.13,-3.29,-1.03,-1.9,-0.05,-1.44,-0.55,-4.03,-2.56,-2.02,0.27
200511,1.94,2.89,4.65,5.42,6.25,1.52,2.48,2.69,3.27,4.12,5.14,5.1,5.68,7.23,5.15,3.61,0.31
200512,1.31,-0.1,-1.12,0.67,-0.83,1.7,0.83,-0.46,0.62,-0.33,-1.85,-0.18,1.34,-1.58,0.01,-0.25,0.32
200601,2.3,3.05,2.41,4.97,4.79,2.82,1.66,3.28,2.58,2.76,2.08,5.35,4.67,2.14,7.73,3.04,0.35
200602,0.05,-0.46,0.15,0.41,0.38,0.07,0.02,-0.97,0.57,1.15,-0.78,-0.08,0.8,-0.51,1.34,-0.3,0.34
200603,0.55,1.25,2.32,3.34,2.26,0.11,1.1,1.22,1.32,2.87,1.79,3.8,2.98,0.21,4.4,1.46,0.37
200604,0.88,1.73,0.09,2.5,0.23,0.49,1.35,2.18,0.84,0.98,-0.77,1.86,3.01,0.96,-0.5,0.73,0.36
200605,-1.32,-1.82,-3.16,-4.29,-6.01,-1.18,-1.48,-1.79,-1.9,-2.53,-3.78,-3.82,-4.67,-4.27,-7.73,-3.57,0.43
200606,0.4,0.93,-0.13,-0.53,-1.22,0.49,0.31,0.68,1.44,0,-0.27,-0.4,-0.64,-0.38,-2.1,-0.35,0.4
200607,2.81,0.22,-0.58,-1.61,-6.2,2.61,3.04,-0.27,0.58,1.52,-3.88,-1.54,-1.67,-4.71,-7.97,-0.78,0.4
200608,2.34,1.21,2.36,1.66,5.95,3.38,1.13,-0.71,2.62,2.88,1.51,0.63,2.36,5.42,6.6,2.03,0.42
200609,1.86,2.37,0.73,4.51,2.34,1.75,1.99,1.06,3.31,0.88,0.49,4.13,4.76,2.3,2.39,1.84,0.41
200610,2.68,3.56,3.52,4.39,3.78,2.24,3.2,3.19,3.81,2.7,4.91,3.55,4.94,4.15,3.33,3.23,0.41
200611,0.98,2.36,1.78,3.55,2.78,-0.37,2.59,3.36,1.68,0.8,3.37,2.05,4.52,2.46,3.18,1.71,0.42
200612,1.1,1.29,2.43,1.55,-0.28,1.25,0.93,0.65,1.73,3.77,0.3,1.42,1.63,0.16,-0.81,0.87,0.4
200701,0.88,0.79,2.25,2.46,3.79,1.74,-0.11,0.46,1.02,2,2.63,2.48,2.45,4.24,3.23,1.4,0.44
200702,-1.95,-1.95,-1.04,-1.3,-0.58,-1.78,-2.16,-1.58,-2.2,-1.14,-0.87,-0.82,-1.59,-0.96,-0.12,-1.96,0.38
200703,0.6,1.93,2,0.34,0.78,0.1,1.18,2.42,1.58,2.05,1.92,0.29,0.36,1.08,0.42,0.68,0.43
200704,3.99,3.89,4,4.74,4.7,3.52,4.55,4.03,3.8,3.37,4.96,4.58,4.84,6.18,2.87,3.49,0.44
200705,2.51,3.78,3.33,4.88,4.83,1.75,3.4,4,3.62,3.3,3.37,5.27,4.63,4.95,4.68,3.24,0.41
200706,-2.17,-1.12,-2.38,-1.65,-0.22,-2.61,-1.66,-0.78,-1.35,-2.94,-1.53,-1.65,-1.65,-0.11,-0.36,-1.96,0.4
200707,-3.06,-3.39,-3.66,-3.02,-3.65,-2.96,-3.19,-2.29,-4.51,-2.82,-4.91,-3.79,-2.31,-2.77,-4.75,-3.73,0.4
200708,2.42,1.55,1.2,1.54,-0.81,2.78,1.96,1.36,1.74,1.62,0.56,1.52,1.55,-0.5,-1.21,0.92,0.42
200709,2.95,3.81,3.71,3.4,4.51,2.72,3.25,4.62,2.97,4.73,2.13,2.13,4.56,4.77,4.17,3.22,0.32
200710,1.67,2.07,1.64,1.97,3.13,1.96,1.3,0.75,3.47,1.06,2.57,2.89,1.16,2.56,3.89,1.8,0.32
200711,-1.94,-4.84,-5.2,-4.85,-7.75,0.53,-5.15,-3.73,-5.98,-4.59,-6.17,-4.3,-5.34,-7.29,-8.35,-4.83,0.34
200712,-1.88,-0.04,0.61,-0.19,-1.07,-2.29,-1.31,1.44,-1.6,-0.07,1.73,-1.22,0.74,-1.46,-0.56,-0.87,0.27
200801,-3.59,-5.83,-5.82,-9.45,-7.32,-3.43,-3.8,-5.05,-6.67,-5.41,-6.47,-10.33,-8.67,-6.16,-8.85,-6.36,0.21
200802,-3,-2.79,-3.06,-2.7,-2.34,-3.76,-1.98,-1.13,-4.61,-1.93,-4.88,-5.8,0.02,-4.06,-0.02,-3.09,0.13
200803,-0.11,-1,0.29,-0.75,-2.43,-0.68,0.66,-1.97,0.09,-0.39,1.44,1.59,-2.68,-1.5,-3.64,-0.93,0.17
200804,1.5,5.26,4.78,7.02,8.65,2.88,-0.31,5.54,4.96,4.2,5.73,7.71,6.43,8.39,8.98,4.6,0.18
200805,0.77,1.13,2.61,3.46,4.31,0.92,0.56,1.32,0.93,2.54,2.73,2.77,4.06,3.06,5.9,1.86,0.18
200806,-8.28,-7.18,-7.91,-9.08,-9.64,-8.19,-8.4,-5.46,-9.11,-6.79,-9.7,-11.2,-7.27,-11.69,-7.1,-8.44,0.17
200807,-0.78,-0.42,-0.14,-0.43,-2.58,0.55,-1.78,-2.84,2.42,-1.2,2.1,0.12,-1.41,-2.31,-3.01,-0.77,0.15
200808,1.38,1.67,2.3,0.94,1.79,2.06,0.86,3.04,0.16,1.85,3.22,1.42,0.07,2.06,1.34,1.53,0.13
200809,-4.53,-5.63,-10.44,-15.42,-18.77,-4.4,-4.64,-5,-6.36,-8.97,-13.43,-16.39,-13.62,-18.35,-19.46,-9.24,0.15
200810,-12.98,-15.98,-18.36,-24.19,-22.77,-13.05,-12.92,-15.3,-16.77,-17.16,-20.92,-25.07,-22.59,-21.5,-24.89,-17.23,0.08
200811,-3.07,-8.6,-9.6,-12.16,-15.23,-3.71,-2.56,-5.87,-11.78,-9.13,-10.65,-12.88,-10.89,-15.51,-14.74,-7.86,0.03
200812,0.05,1.29,3.31,3.08,4.21,0.53,-0.34,-0.19,3.13,1.42,7.66,1.98,4.95,4.16,4.3,1.74,0
200901,-8.4,-8.49,-8.23,-8.31,-3.37,-6.26,-10.1,-10.06,-6.6,-8.33,-8.02,-9.89,-5.75,-2.89,-4.2,-8.12,0
200902,-9.93,-10.73,-9.91,-10.69,-6.26,-7.59,-11.88,-11.98,-9.29,-9.43,-10.96,-11.77,-9.02,-4.89,-8.63,-10.1,0.01
200903,5.81,8.22,11.07,13.62,11.58,4.28,7.07,8.87,7.49,10.5,12.33,12.92,14.67,10.89,12.82,8.95,0.02
200904,4.32,10.75,11.16,15.93,20.51,2.61,5.68,9.34,12.32,11.17,11.14,17.97,12.9,20.96,19.71,10.19,0.01
200905,5.85,4.05,4.32,4.68,6.04,5.71,5.96,2.47,5.76,4.56,3.79,3.81,6.03,6,6.1,5.21,0
200906,-0.24,-0.74,1.98,0.57,2.05,0.12,-0.51,-0.33,-1.17,2.18,1.54,0.78,0.24,2.01,2.11,0.43,0.01
200907,4.78,7.84,8.41,12.2,15.05,5.09,4.4,8.16,7.52,7.98,8.83,10.55,15.48,13.38,19.11,7.72,0.01
200908,1.06,3.12,4.19,4.14,13.28,0.17,2.13,2.54,3.7,3.05,5.27,3.12,6.09,12.94,14.06,3.33,0.01
200909,2.18,2.94,6.04,7.72,6.35,1.82,2.61,2.09,3.79,5.18,6.83,8.15,6.94,4.4,10.8,4.08,0.01
200910,-0.84,-2.14,-2.19,-3.83,-9.23,-1.24,-0.38,-2.97,-1.33,-0.39,-3.82,-2.79,-5.77,-8.81,-10.14,-2.59,0
200911,5.85,4.99,5.61,5.22,7.7,6.44,5.17,4.57,5.4,6.11,5.14,5.22,5.21,8.55,5.84,5.56,0
200912,0.58,3.64,2.96,5.43,4.3,-0.4,1.73,3.96,3.34,3.7,2.27,4.84,6.56,3.14,6.88,2.75,0.01
201001,-2.24,-3.38,-3.92,-4.95,-3.91,-2.24,-2.23,-2.13,-4.57,-4.04,-3.81,-5.77,-3.42,-4.5,-2.62,-3.36,0
201002,1.47,4.15,2.76,5.61,7.19,1.82,1.07,3.45,4.85,3.02,2.52,5.92,5.02,6.98,7.63,3.4,0
201003,4.08,5.11,8.28,8.16,10.61,3.71,4.51,4.81,5.41,7.73,8.82,8.82,6.95,9.63,12.71,6.31,0.01
201004,0.57,1.31,2.17,4.57,5.94,0.01,1.23,0.83,1.77,3.1,1.29,4.28,5.13,5.26,7.35,2,0.01
201005,-6.35,-7.69,-8.83,-8.33,-11,-5.97,-6.78,-6,-9.34,-8.41,-9.24,-7.56,-9.8,-10.82,-11.37,-7.89,0.01
201006,-2.98,-5.16,-7.36,-7.81,-10.36,-3,-2.97,-2.94,-7.4,-6.89,-7.82,-7.45,-8.49,-9.05,-13.03,-5.56,0.01
201007,5.23,6.36,8.15,8.89,11.79,4.89,5.54,6.15,6.52,7.86,8.39,11.04,6.6,11.84,11.69,6.93,0.01
201008,-0.91,-6.12,-6.71,-6.55,-9.14,-0.89,-0.92,-3.32,-8.23,-5.98,-7.33,-4.41,-8.94,-9.27,-8.86,-4.77,0.01
201009,6.5,9.84,11.92,12.05,12.67,5.8,7.14,10.59,9.24,12.25,11.63,13.41,10.45,11.1,16.29,9.54,0.01
201010,2.75,3.51,5.61,3.31,6.26,2.9,2.62,2.97,3.94,5.93,5.34,5.65,0.47,5.8,7.28,3.88,0.01
201011,-0.69,-0.04,1,3.13,4.6,-0.49,-0.87,-0.03,-0.04,0.8,1.17,3.93,2.12,4.25,5.34,0.6,0.01
201012,4.57,6.48,7.97,9.59,9.35,4.34,4.79,6.32,6.6,7.3,8.55,7.76,11.96,9.75,8.52,6.82,0.01
201101,0.88,2.17,3.5,2.94,2.02,1.24,0.56,1.07,3.06,2.67,4.22,2.75,3.17,1.76,2.6,1.99,0.01
201102,3.4,2.42,4.53,4.74,3.71,2.48,4.24,3.72,1.4,4.32,4.72,5.19,4.17,3.13,4.98,3.49,0.01
201103,1.4,-0.28,0.06,0.87,0.16,1.45,1.35,0.35,-0.78,0.24,-0.08,1.91,-0.44,0.3,-0.16,0.45,0.01
201104,3.78,4.27,0.73,2.04,3.65,4.17,3.44,4.94,3.73,1.2,0.33,2.63,1.27,3.61,3.73,2.9,0
201105,0.55,-1.48,-2.24,-2.31,-4.03,0.15,0.9,-0.32,-2.42,-1.68,-2.72,-2.05,-2.65,-3.95,-4.18,-1.27,0
201106,-1.42,-1.5,-2.09,-2.17,-1.87,-1.82,-1.07,-1.39,-1.58,-1.9,-2.27,-0.81,-3.94,-1.62,-2.4,-1.75,0
201107,-2.44,-2.1,-0.88,-3.62,-3.95,-2.34,-2.55,-2.25,-1.97,-3.29,1.03,-2.49,-5.37,-4.81,-2.44,-2.36,0
201108,-1.25,-5.77,-7.26,-11.2,-13.83,-1.1,-1.41,-5.62,-5.91,-8,-6.7,-10.23,-12.75,-13.9,-13.7,-5.99,0.01
201109,-3.25,-6.19,-9.66,-13.69,-16.29,-2.57,-3.96,-5.22,-7.1,-10.24,-9.23,-12.72,-15.29,-16.12,-16.57,-7.59,0
201110,6.33,11.48,13.62,17.2,20.64,6.15,6.52,10.55,12.37,14.57,12.92,17.07,17.41,21.09,19.89,11.35,0
201111,1.3,0.24,-0.91,-2.29,-3.62,1.75,0.81,1.4,-0.84,-0.8,-0.99,-1.4,-3.79,-3.73,-3.42,-0.28,0
201112,2.97,-0.78,0.42,-0.36,-1.76,3.41,2.49,-1.22,-0.35,-1.06,1.51,0.57,-1.97,-1.98,-1.37,0.74,0
201201,0.47,6.41,6.63,8.38,12.24,0.14,0.84,4.95,7.8,5.93,7.14,7.5,9.95,12.3,12.12,5.05,0
201202,1.96,4.7,6.59,5.6,6.11,1.45,2.52,4.32,5.05,4.74,7.91,4.77,7.05,4.72,8.55,4.42,0
201203,2.57,3.54,3.84,1.89,3.45,2.11,3.05,3.56,3.53,1.93,5.17,1.22,3.04,3.41,3.52,3.11,0
201204,0.67,-0.73,-1.72,-2.09,-1.96,0.86,0.46,-0.17,-1.24,-1.29,-2.02,-0.91,-4.06,-2.91,-0.35,-0.85,0
201205,-2.15,-7.49,-6.84,-8.99,-13,-1.16,-3.2,-5.94,-8.93,-7.84,-6.17,-8.51,-9.79,-13.29,-12.52,-6.19,0.01
201206,5,3.73,2.85,4.08,1.59,4.67,5.36,3.56,3.89,4,2.08,4.09,4.06,0.66,3.11,3.89,0
201207,2.15,-0.4,1.59,0.04,-2.67,2.63,1.29,0.86,-1.77,2.56,0.32,1.18,-1.03,-1.69,-4.28,0.79,0
201208,-0.17,2.97,4.41,4.94,6.65,-0.68,0.74,1.97,4.09,5.78,2.6,4.42,5.45,5.04,9.4,2.55,0.01
201209,3.09,1.04,3.47,2.4,3.53,3.09,3.1,1.49,0.55,3.21,3.83,1.86,2.92,3.94,2.85,2.73,0.01
201210,-1.42,-1.86,-3.59,-0.17,1.78,-1.18,-1.84,-1.27,-2.5,-4.08,-2.92,-0.93,0.54,1.83,1.68,-1.76,0.01
201211,0.09,1.33,0.71,1.66,0.14,-0.04,0.33,1.81,0.79,0.43,1.08,2.42,0.95,0.01,0.37,0.78,0.01
201212,-0.95,1.49,1.06,3.91,7,-1.23,-0.46,1,2.04,-0.47,3.1,2.98,4.79,7.59,6.01,1.18,0.01
201301,5.85,5.77,4.12,6.17,7.41,5.41,6.62,5.68,5.87,1.87,7.03,7.68,4.76,5.89,10.03,5.57,0
201302,2.31,1,1.14,-0.4,-0.35,2.89,1.32,1.12,0.86,1.12,1.17,-0.35,-0.44,-0.56,0,1.29,0
201303,4.87,3.67,2.79,3.97,4.54,4.84,4.91,3.53,3.84,2.37,3.31,2.91,4.97,4.05,5.35,4.03,0
201304,2.36,1.54,1.04,0.01,1.66,2.67,1.83,1.13,1.99,1.53,0.44,-0.74,0.71,1.34,2.2,1.55,0
201305,-0.62,3.7,5.15,5.48,6.24,-0.84,-0.23,2.09,5.48,4.61,5.81,4.01,6.84,6.78,5.35,2.8,0
201306,-0.58,-0.65,-2.14,-1.89,-2.79,-0.29,-1.09,-0.8,-0.49,-2.83,-1.29,-1.64,-2.12,-3.1,-2.29,-1.2,0
201307,4.8,5.61,6.01,5.42,7.75,4.29,5.35,4.84,6.37,6.25,5.78,4.59,6.37,8.55,6.36,5.65,0
201308,-4.11,-1.73,-3.03,-1.2,-2.33,-4.36,-3.84,-3.3,-0.22,-3.38,-2.67,-0.77,-1.68,-2.56,-1.92,-2.71,0
201309,1.96,4.03,4.45,5.55,5.14,1.36,2.61,4.91,3.21,4.59,4.31,5.83,5.24,3.56,7.91,3.77,0
201310,4.24,5.01,3.88,3.24,3.39,5.83,2.58,4.21,5.77,3.87,3.9,2.28,4.34,2.69,4.58,4.18,0
201311,2.57,4.02,3.08,2.68,3.92,2.07,3.11,3.84,4.18,3.3,2.86,2.19,3.24,4.53,2.88,3.12,0
201312,1.19,3.1,3.07,3.53,3.36,1.08,1.31,3.76,2.48,2.65,3.52,3.88,3.12,1.94,5.8,2.81,0
201401,-3.08,-3.39,-3.99,-4.26,-3.06,-3.06,-3.09,-4.52,-2.32,-4,-3.97,-3.43,-5.2,-2.79,-3.52,-3.32,0
201402,4.09,4.57,4.45,5.71,6.07,3.06,5.18,4.02,5.08,4.4,4.5,6.11,5.24,4.91,8.02,4.65,0
201403,1.44,-0.01,1.28,0.2,-0.48,0.96,1.94,0.64,-0.61,1.3,1.25,-0.47,0.97,0.16,-1.51,0.43,0
201404,2.13,-0.58,-1.35,-0.25,-1.71,2.6,1.65,-1.37,0.16,-2.46,-0.21,-0.21,-0.3,-2.16,-0.97,-0.19,0
201405,0.58,3.53,2.45,2.28,1.2,0.45,0.71,2.85,4.16,2.66,2.24,2.7,1.81,1.3,1.03,2.06,0
201406,1.48,1.86,3.14,4.76,3.44,0.98,1.98,1.52,2.17,3.16,3.11,3.79,5.88,3.54,3.27,2.61,0
201407,-1.5,-0.98,-3.14,-2.89,-3.64,-2.19,-0.22,-1.64,-0.34,-2.94,-3.46,-2.47,-3.48,-2.95,-4.84,-2.04,0
201408,4.8,3.82,3.87,4.17,4.95,4.74,4.91,4.15,3.51,3.75,4.05,4.16,4.19,3.66,7.23,4.24,0
201409,0.17,-1.87,-2.77,-4.05,-5.97,0.44,-0.31,-2.97,-0.84,-1.67,-4.48,-3.11,-5.37,-5.65,-6.52,-1.97,0
201410,3.69,2.89,2.34,0.45,-0.1,3.6,3.84,3.6,2.24,3.06,1.19,0.19,0.82,0.07,-0.4,2.52,0
201411,3.4,3.8,2.49,-0.69,-1.06,3.87,2.53,3.54,4.05,2.95,1.74,-1.53,0.5,-2.19,0.9,2.55,0
201412,-0.62,-0.25,0.66,0.91,-0.36,-0.88,-0.14,-0.8,0.27,-0.13,1.96,1.06,0.7,-1.01,0.74,-0.06,0
201501,-0.36,-2.42,-4.91,-7.18,-6.6,-0.43,-0.22,-1.36,-3.39,-5.6,-3.8,-7.48,-6.75,-5.53,-8.37,-3.11,0
201502,3.39,6.47,8.19,8.03,9.11,2.38,5.24,6.46,6.49,8.45,7.78,8.01,8.05,8.36,10.39,6.13,0
201503,-0.88,-1.72,-1.34,-1.01,-1.43,-1,-0.65,-1.6,-1.84,-1.57,-0.97,-0.75,-1.36,-1.05,-2.08,-1.12,0
201504,-0.89,1.06,1.07,2.57,1.35,-1,-0.7,0.98,1.13,1.52,0.35,3.04,1.92,2.43,-0.49,0.59,0
201505,1.85,1.45,1.26,0.99,-0.38,1.06,3.28,0.93,1.93,1.69,0.56,1.11,0.83,-0.86,0.44,1.36,0
201506,-1.46,-2.49,-1.13,-0.31,-2.19,-1.74,-0.94,-2.42,-2.55,-0.75,-1.74,0.14,-0.95,-1.55,-3.28,-1.53,0
201507,3.9,2.29,0.35,-1.26,-2.08,5.86,2.04,3.28,1.55,0.49,0.15,-0.97,-1.5,-0.68,-6.2,1.54,0
201508,-5.75,-5.32,-6.71,-6.52,-7.23,-5.4,-6.1,-5,-5.56,-6.87,-6.47,-5.8,-7.15,-7.41,-6.66,-6.04,0
201509,-1.59,-1.63,-3.53,-6.1,-8.03,-0.88,-2.3,-1.27,-1.91,-2.71,-4.73,-5.63,-6.52,-6.97,-11.28,-3.08,0
201510,6.97,8.7,7.64,8.68,7.54,6.86,7.09,7.38,9.72,8.27,6.71,9.43,8.02,8.08,5.8,7.75,0
201511,0.02,0.63,0.41,1.87,1.79,0.44,-0.4,0.42,0.78,0.83,-0.23,0.71,2.91,2.38,-0.16,0.56,0
201512,-0.19,-1.08,-3.79,-4.79,-6.66,1.45,-1.84,-0.76,-1.32,-4.31,-2.98,-4.11,-5.38,-6.53,-7.12,-2.17,0.01
201601,-2.82,-4.86,-6.12,-10.41,-12.89,-1,-4.72,-5.68,-4.24,-5.89,-6.47,-10.02,-10.75,-12.5,-14.24,-5.77,0.01
201602,0.04,0.14,0.44,-0.06,-2.02,-0.57,0.71,1.39,-0.78,-0.24,1.48,1.32,-1.29,-2.06,-1.88,-0.07,0.02
201603,5.59,6.81,7.14,8.1,10.4,5.49,5.7,6.6,6.97,7.12,7.18,7.17,8.94,10.31,10.69,6.96,0.02
201604,-1.07,-0.07,1.74,3.92,4.41,0.8,-3.07,-0.25,0.07,1.75,1.72,3.52,4.27,3.93,6.1,0.92,0.01
201605,1.84,1.77,1.97,1.63,0.83,2.06,1.61,1.67,1.85,1.75,2.29,1.64,1.63,1.37,-1.03,1.78,0.01
201606,2.28,0.34,-1.02,-3.72,-4.22,3.82,0.56,0.69,0.08,-0.85,-1.28,-3.2,-4.18,-4.98,-1.58,-0.05,0.02
201607,1.82,5.43,3.86,5.42,6.44,1.39,2.05,5.6,5.13,1.82,6.27,5.06,5.78,6.02,7.82,3.95,0.02
201608,-1.61,0.7,1.04,1.99,6.31,-3.45,-0.62,0.97,0.19,1.68,0.31,0.9,3.12,6.55,5.53,0.5,0.02
201609,-0.18,0.52,-0.93,1.04,1.91,-0.46,-0.03,0.54,0.48,-2.2,0.51,0.65,1.42,1.43,3.55,0.25,0.02
201610,-1.78,-2.52,-1.8,-1.56,-1.95,-1.29,-2.03,-2.93,-1.75,-1.1,-2.58,-1.95,-1.17,0.33,-9.63,-2.02,0.02
201611,0.64,3.59,7.28,10.44,16.45,-1.42,1.72,2.57,5.5,7.83,6.67,8.02,12.78,16.55,16.04,4.86,0.01
201612,2.79,1.13,1.03,2.26,1.89,3.56,2.4,1.06,1.26,2.15,-0.24,1.51,2.96,2.75,-1.39,1.81,0.03
201701,1.12,2.5,3.48,1.79,1.42,1.26,1.05,3.04,1.52,2.65,4.44,2.29,1.33,0.97,3.17,1.94,0.04
201702,4.84,3.39,2.9,2.54,3.59,3.3,5.64,3.1,3.93,2.86,2.95,2,3.04,3.97,2.13,3.57,0.04
201703,0.35,0.8,-0.16,-0.72,-1.05,0.07,0.49,0.84,0.71,-0.84,0.62,-0.06,-1.34,-1.16,-0.61,0.17,0.03
201704,0.68,2.34,1.12,0.58,-0.91,1.1,0.47,2.71,1.65,1.3,0.92,0.76,0.41,-0.59,-2.19,1.09,0.05
201705,2.29,1.94,-0.21,-1.19,-1.78,2.18,2.35,2.16,1.53,-0.87,0.55,0.19,-2.5,-1.5,-2.89,1.06,0.06
201706,-0.87,0.27,2.79,3.54,4.25,-2.16,-0.23,0.08,0.62,2.77,2.81,2.36,4.69,4.34,3.91,0.78,0.06
201707,2.47,1.58,2.34,0.86,2.84,2.14,2.63,1.3,1.73,3.12,1.81,1.15,0.62,2.45,3.72,1.87,0.07
201708,-0.3,1.51,-0.68,-0.72,-0.98,0.31,-0.6,0.56,2.04,0.61,-1.57,-0.49,-0.92,-1.84,0.94,0.16,0.09
201709,0.31,1.39,3.2,6.24,7.19,-0.57,0.74,2.37,0.84,3.8,2.78,5.07,7.22,7.38,6.75,2.51,0.09
201710,1.43,3.16,1.83,2.24,1.38,2.9,0.71,2.9,3.31,2.72,1.2,1.02,3.25,2.42,-0.97,2.25,0.09
201711,4.67,2.71,2.59,2.99,3.74,3.02,5.49,3.35,2.35,2.95,2.34,2.97,3.01,3.66,3.94,3.12,0.08
201712,0.53,0.71,1.95,1.62,1.94,-0.86,1.22,1.35,0.34,1.8,2.06,0.99,2.14,1.68,2.56,1.06,0.09
201801,3.34,5.62,7.57,6.36,6.19,1.08,4.43,4.56,6.23,6.21,8.54,5.62,6.95,5.65,7.43,5.58,0.11
201802,-4.5,-3.32,-3.46,-3.06,-3.55,-3.87,-4.8,-4.57,-2.61,-2.73,-3.98,-5.08,-1.47,-2.09,-6.87,-3.65,0.11
201803,-1.12,-2.61,-2.38,-2.51,-2.01,-1.19,-1.09,-1.35,-3.31,-1.18,-3.24,-0.96,-3.7,-2.36,-1.16,-2.35,0.12
201804,-0.33,0.27,0.89,1.08,0.44,1.73,-1.3,1.32,-0.32,-1.23,2.44,2.55,-0.06,-0.1,1.77,0.29,0.14
201805,1.48,3.71,2.68,1.68,4.21,2.77,0.85,2.05,4.66,4.26,1.56,2.71,0.85,2.91,7.28,2.65,0.14
201806,1.92,0.53,0.99,-1.13,-1.96,1.97,1.89,0.93,0.31,-0.26,1.91,0.06,-2.09,-2.61,-0.47,0.48,0.14
201807,2.5,3.53,3.47,4.12,3.47,2.03,2.72,1.68,5.18,3.69,3.23,3.97,4.23,3.86,2.37,3.19,0.16
201808,2.37,3.24,5.15,3.66,3.1,3.1,2.03,3.11,3.35,2.82,7.78,1.95,5,2.02,6.24,3.44,0.16
201809,0.69,0.69,0.95,-0.45,-2.49,0.21,0.9,0.44,0.9,1.94,-0.12,0.1,-0.86,-2.72,-1.84,0.06,0.15
201810,-1.63,-6.42,-8.82,-10,-11.88,-0.39,-2.2,-5.43,-7.26,-10.81,-6.64,-7.07,-12.23,-10.05,-16.92,-7.68,0.19
201811,1.83,3.25,-1.33,3.46,1.37,1.96,1.77,1.99,4.35,2.18,-4.98,3.91,3.1,2.4,-1.71,1.69,0.18
201812,-7.15,-8.88,-8.87,-11.26,-12.99,-6.43,-7.51,-9.85,-8.06,-8.03,-9.83,-10.8,-11.63,-12.62,-14.12,-9.55,0.19
201901,5.87,7.82,7.75,10.97,13.51,4.51,6.53,9.16,6.71,8.37,7.04,9.91,11.84,12.27,17.44,8.41,0.21
201902,3.34,3.2,4.4,3.29,4,4.07,3,2.53,3.77,4.45,4.34,5.81,1.28,2.93,7.26,3.4,0.18
201903,2.61,2.07,1.81,-0.42,-2.06,3.06,2.39,1.53,2.51,0.94,2.88,-1.85,0.77,-2.65,-0.29,1.1,0.19
201904,1.76,3.69,5.19,5.44,5.62,1.18,2.03,3.05,4.22,3.43,7.31,3.84,6.75,7.16,1.15,3.96,0.21
201905,-3.69,-4.94,-8.86,-8.33,-10.67,-2.56,-4.23,-4.51,-5.28,-8.45,-9.33,-7.79,-8.76,-11.14,-9.24,-6.94,0.21
201906,5.43,6.47,8.99,8.04,8.33,4.45,5.91,6.91,6.11,8.5,9.56,8.34,7.8,7.78,9.98,6.93,0.18
201907,1.56,1.61,1.37,1.6,0.64,2.08,1.15,-0.13,3.39,1.62,1.08,0.69,2.25,0.75,0.38,1.19,0.19
201908,1.32,-2.31,-2.27,-4.33,-6.82,1.9,0.86,-1.64,-2.98,-2.25,-2.29,-4.49,-4.21,-6.85,-6.76,-2.58,0.16
201909,1.34,1.51,1,3.82,1.88,1.44,1.26,1.16,1.86,1.63,0.3,5.08,2.93,3.42,-1.47,1.43,0.18
201910,1.32,1.72,1.88,3.91,4.06,1.32,1.32,1.62,1.81,1.85,1.91,2.67,4.8,4.35,3.41,2.06,0.15
201911,1.24,3.32,4.51,5.63,7.38,0.06,2.22,3.3,3.35,4.67,4.34,5.43,5.76,6.56,9.25,3.87,0.12
201912,2.55,2.62,2.24,3.86,4.59,3.18,2.04,2.99,2.25,2.29,2.19,2.43,4.86,4.48,4.82,2.77,0.14
202001,-0.35,-0.29,0.74,0.79,-3.26,1.1,-1.54,0.06,-0.63,1.21,0.21,-3.17,3.49,-4.52,-0.48,-0.11,0.13
202002,-7.91,-8.11,-7.43,-9.29,-7.47,-7.6,-8.18,-7.45,-8.77,-6.55,-8.44,-9.17,-9.36,-9.64,-2.88,-8.13,0.12
202003,-9.39,-13.28,-12.78,-14.61,-20.86,-9.18,-9.56,-12.11,-14.47,-10.91,-14.95,-22.81,-9.36,-22.66,-17.34,-13.39,0.12
202004,8.85,12.77,13.8,17.25,17.58,8.25,9.36,12.33,13.22,14.09,13.45,12.86,19.65,15.92,20.6,13.65,0
202005,3.03,4.93,5.85,5.8,9.52,3.48,2.66,4.28,5.59,4.18,7.84,7.35,5.01,7.02,13.9,5.58,0.01
202006,-1.65,-0.5,2.98,7.7,5.68,-1.96,-1.39,-0.88,-0.11,4.53,1.2,2.47,10.45,4.51,7.62,2.45,0.01
