Exercise 3,,,,,,,,,,,,,,,,,,,,,,
  Value Weight Returns -- Monthly,,,,,,,,,,,,,,,,,,,,,,
Date,Lo 30,Med 40,Hi 30,Lo 20,Qnt 2,Qnt 3,Qnt 4,Hi 20,Lo 10,2-Dec,3-Dec,4-Dec,5-Dec,6-Dec,7-Dec,8-Dec,9-Dec,Hi 10,Mkt-RF,SMB,HML,RF
196307,-0.85,0.35,0.09,-0.64,1.15,-0.14,-1.06,0.6,-1.37,-0.26,-1.07,2.21,-0.88,0.96,-1.16,-0.99,-0.05,0.93,-0.39,-0.56,-0.83,0.27
196308,5.42,4.96,5.77,5.04,4.42,5.33,5.5,5.99,5.57,4.77,5.82,3.77,5.46,5.14,5.8,5.3,5.89,6.04,5.07,-0.94,1.67,0.25
196309,-1.6,-0.81,-1.49,-2.04,-2.1,0.5,-1.91,-1.37,-2.97,-1.54,-1.15,-2.55,2.12,-1.87,-2.11,-1.77,-2.14,-0.98,-1.57,-0.3,0.18,0.27
196310,0.95,1.5,6.01,0.93,0.34,2.33,2.63,7.1,0.79,1,0.97,0.04,3.23,0.97,1.18,3.61,3.23,9.05,2.53,-0.54,-0.1,0.29
196311,-1.44,0.25,-1.38,-0.95,-1.09,1.01,0.38,-2.49,0.23,-1.57,-1.94,-0.69,1.98,-0.49,-0.74,1.13,0.32,-3.83,-0.85,-1.13,1.71,0.27
196312,2.13,2.4,1.99,0.82,3.95,1.4,2.68,1.74,1.91,0.24,3.5,4.16,0.29,3.16,2.9,2.54,2.92,1.15,1.83,-1.97,-0.12,0.29
196401,2.29,2.88,2.66,2.39,4.2,2.3,1.66,2.92,1.86,2.68,2.18,5.15,3.07,1.1,1.01,2.1,2.07,3.34,2.24,-0.19,1.59,0.3
196402,2.27,1.32,2.17,2.46,1.74,1.11,1.56,2.46,3.72,1.78,2.09,1.59,0.83,1.57,1.58,1.55,2.29,2.54,1.54,0.1,2.83,0.26
196403,3.5,1.17,1.84,3.06,2.77,0.32,1.63,2.1,2.8,3.21,3.95,2.23,0.01,0.81,2.19,1.27,2.39,1.96,1.41,0.99,3.32,0.31
196404,1.82,0.93,-0.35,2.54,2.04,0.3,-1.2,0.48,0.01,3.92,1.09,2.49,0.97,-0.72,0.3,-2.19,-0.43,0.94,0.1,-1.37,-0.55,0.29
196405,1.97,1.14,2.02,0.48,2.52,0.68,0.51,2.84,2.29,-0.47,3.52,2.06,0.83,0.44,1.03,0.15,1.53,3.49,1.42,-0.9,1.98,0.26
196406,1.8,2.51,0.55,1.85,0.88,3.92,0.54,0.83,2.78,1.35,1.75,0.47,4.66,2.74,1.51,-0.11,1.41,0.55,1.27,-0.26,0.68,0.3
196407,1.98,1.63,2.5,2.09,2.08,0.82,3.11,2.34,0.82,2.68,1.85,2.17,-0.48,3.57,3.15,3.07,2.45,2.26,1.74,0.28,0.68,0.3
196408,-1.01,-1.08,-1.22,-1.19,-1.57,-0.67,-0.91,-1.3,-2.48,-0.61,-0.81,-1.88,-0.96,-0.08,-0.89,-0.94,-1.18,-1.39,-1.44,0.09,0.09,0.28
196409,4.26,2.31,3.28,3.9,3.75,1.42,3.37,3.17,4.82,3.49,4.64,3.39,0.73,2.81,3.08,3.64,4.01,2.56,2.69,-0.51,1.65,0.28
196410,1.67,1.21,0.09,2.48,2.06,0,1.94,-0.34,0.8,3.24,0.81,2.58,0.16,-0.31,2.35,1.58,-0.13,-0.5,0.59,0.43,1.14,0.29
196411,0.6,0.44,0.38,0.18,1.06,-0.4,1.03,0.38,-3.67,1.88,1.05,1.06,-1.04,0.88,1.75,0.38,2.28,-1.03,0,0.61,-1.98,0.29
196412,-0.98,0.42,0.98,-1.38,-1.21,1.78,0.4,1.03,-1.03,-1.52,-0.56,-1.48,2.41,0.54,-0.07,0.82,1.05,1.01,0.03,-0.26,-2.55,0.31
196501,4.7,2.02,5.4,5.72,1.03,2.14,4.85,5.63,7.61,4.93,3.61,-0.03,1.21,3.99,5.13,4.6,4.88,6.21,3.54,2.7,0.18,0.28
196502,1.02,0.18,1.05,2.2,-1.69,1.23,1.37,0.93,1.34,2.58,-0.27,-2.3,0.99,1.7,1.27,1.46,0.16,1.51,0.44,3.48,0.22,0.3
196503,-0.78,-1.22,-1.26,-1.33,-1.89,-0.86,-0.51,-1.35,-1.01,-1.47,-0.16,-2.64,-1.44,0.25,-0.03,-0.94,-2.31,-0.63,-1.34,1.79,1.09,0.36
196504,3.21,2.8,4.35,3.99,1.76,3.54,3.23,4.55,4.14,3.93,2.34,1.5,4.44,1.84,2.73,3.69,3.31,5.46,3.11,1.2,0.71,0.31
196505,0.66,-0.01,-0.67,-0.54,0.46,0.43,-1.06,-0.51,-4.39,1.12,2.01,-0.24,1.11,-0.88,-0.9,-1.19,0.7,-1.39,-0.77,0.04,-1.63,0.31
196506,-6.16,-3.97,-5.49,-7.46,-3.26,-4.44,-5.15,-5.48,-8.03,-7.23,-4.73,-2.59,-4.36,-4.59,-4.75,-5.51,-4.84,-5.96,-5.51,-4.35,0.55,0.35
196507,3.58,0.89,1.65,4.85,0.26,2.62,0.84,2.05,4.56,4.99,2.59,-0.73,2.67,2.58,1.4,0.27,1.99,2.08,1.43,0.87,2.18,0.31
196508,2.04,2.09,4.37,1.88,1.68,2.62,2.41,4.95,3.93,0.97,2.17,1.47,2.54,2.68,2.49,2.32,7.42,3.77,2.73,2.81,-0.96,0.33
196509,4.07,2.57,3.94,4.11,2.38,3.52,3.01,4.15,3.85,4.23,4.04,1.64,2.84,3.99,2.82,3.21,4.13,4.16,2.86,0.61,-0.1,0.31
196510,2.75,1.34,4.63,3.52,1.11,1.58,2.69,5.1,4.41,3.11,2.13,0.65,1.55,1.61,2.44,2.95,6.62,4.34,2.6,2.48,1.52,0.31
196511,1.33,-0.82,0.69,2.42,-1.22,-0.26,1.57,0.23,3.5,1.92,0.46,-1.99,0.46,-0.75,0.74,2.41,1.47,-0.4,-0.03,4.68,0.21,0.35
196512,2.13,1.18,0.7,3.01,0.92,1.7,0.82,0.77,7.54,0.87,1.4,0.7,2.57,1.1,1.2,0.43,2.19,0.03,1.01,2.08,1.95,0.33
196601,3.78,-0.75,1.26,4.63,0.06,-0.52,0.47,1.39,7,3.44,3.08,-1.36,0.69,-1.36,0.14,0.8,2.4,0.85,0.72,3.89,3.49,0.38
196602,-1.13,-1.74,-0.3,-0.29,-1.06,-2.75,-1.37,-0.2,4.78,-2.94,-1.83,-0.68,-0.84,-4.1,-2.05,-0.69,-0.01,-0.3,-1.21,4.54,0.27,0.35
196603,-3.18,-2.55,-1.02,-3.29,-3.55,-1.33,-1.44,-1.11,-4.28,-2.73,-3.09,-3.78,-1.83,-0.96,-2.23,-0.67,-0.02,-1.7,-2.51,0.94,-2.07,0.38
196604,2.35,2.19,2.45,2.19,1.95,3.03,2.86,2.02,2.23,2.16,2.5,1.68,2.26,3.58,1.63,4.05,4.22,0.8,2.14,3.45,-0.54,0.34
196605,-6.79,-4.41,-4.92,-7.68,-4.89,-5.06,-4.77,-4.58,-10.66,-6.02,-6.04,-4.32,-4.91,-5.17,-3.3,-6.15,-5.08,-4.3,-5.66,-4.7,-1.55,0.41
196606,-1.15,-0.72,-1.57,-0.47,-1.43,0.11,-1.5,-1.49,0.93,-1.21,-1.71,-1.29,-1.17,1.03,-1.13,-1.86,-1.1,-1.71,-1.44,1.02,0.5,0.38
196607,-0.89,-1.19,-1.34,-1.43,-1.16,-0.62,-0.81,-1.63,-2.41,-0.9,-0.49,-1.54,-0.57,-0.66,-1.64,-0.19,-2.25,-1.35,-1.63,-0.44,0.96,0.35
196608,-8,-6.31,-8.17,-8.92,-6.01,-7.43,-7.41,-8.19,-11.22,-7.71,-7.32,-5.26,-8.77,-6.1,-6.46,-8.1,-8.4,-8.09,-7.91,-3.23,0.47,0.41
196609,1.52,-0.38,-1.61,-1.42,0.47,1.59,-2.09,-1.58,-1.94,-1.16,3.64,-1.31,1.62,1.56,-2.61,-1.71,-1.32,-1.7,-1.06,-1.07,0.53,0.4
196610,6.57,6.32,1.98,2.74,8.18,6.41,2.66,1.78,0.16,4.04,9.2,7.58,7.28,5.58,2.54,2.75,2.8,1.33,3.86,-6.64,2.87,0.45
196611,0.96,-1.18,4.72,2.71,-1.69,-0.62,2.33,5.19,7.55,0.36,-0.16,-2.6,-0.59,-0.65,1.6,2.87,4.81,5.37,1.4,4.22,-4.46,0.4
196612,0.12,0.9,-0.01,1.3,0.04,1.29,1.71,-0.55,0.79,1.57,-0.67,0.48,2.5,0.12,1.08,2.16,-0.92,-0.38,0.13,1.86,-1.22,0.4
196701,9,6.94,8.87,11.48,6.79,7.13,8,9.04,15.37,9.46,7.32,6.47,6.75,7.51,7.76,8.18,8.28,9.39,8.15,8.32,2.22,0.43
196702,-0.29,-0.05,2.46,0.87,-0.59,0.09,1.29,2.56,1.65,0.44,-1.11,-0.27,0.48,-0.3,0.17,2.09,1.36,3.09,0.78,3.34,-2.17,0.36
196703,3.86,3.9,4.99,4.73,3.53,3.96,4.23,5.2,4.83,4.68,3.24,3.7,4.57,3.35,4.28,4.19,4.99,5.29,3.99,1.63,0.31,0.39
196704,3.12,2.57,6.45,3.06,2.38,2.7,3.95,7.09,4.25,2.4,3.16,1.91,3.01,2.38,4.05,3.89,6.09,7.52,3.89,0.62,-2.64,0.32
196705,-2.65,-3.87,-5.18,-2.15,-4.05,-2.77,-4.82,-5.2,-1.37,-2.59,-3.02,-4.69,-2.62,-2.93,-4.42,-5.09,-5.46,-5.08,-4.33,1.98,0.8,0.33
196706,3.13,2,2.16,4.68,2.29,1.69,0.92,2.57,7.62,2.97,1.99,2.48,1.45,1.93,1.52,0.5,2.51,2.59,2.41,5.96,0.96,0.27
196707,3.28,5.22,5.28,7.92,2.83,5.52,6.27,4.4,8.38,7.71,0.49,5.91,4.99,6.19,3.32,8.71,6.56,2.87,4.58,3.08,2.65,0.31
196708,-0.69,-0.71,-0.81,-0.45,-0.88,-0.93,-0.35,-0.81,-0.9,-0.25,-0.84,-0.93,-0.77,-1.13,0.23,-0.81,-0.07,-1.36,-0.89,0.47,1.46,0.31
196709,3.93,1.96,4.49,4.63,2.85,1.82,2.34,5.02,3.75,5.02,3.48,2.07,1.36,2.39,2.12,2.51,5.56,4.61,3.11,3.1,-2.47,0.32
196710,-3.22,-3.91,-0.84,-3.5,-2.69,-4.32,-3.98,-0.34,-1.5,-4.39,-3.03,-2.26,-3.62,-5.19,-5.54,-2.76,-3.87,2.31,-3.09,1.42,-3.39,0.39
196711,-0.01,1.23,0.6,-0.14,0.36,1.79,-0.19,0.96,-1.08,0.29,0.07,0.72,2.28,1.19,0.61,-0.8,-1.27,2.53,0.37,0.2,-1.71,0.36
196712,3.09,3.65,2.61,5.1,2.53,3.66,2.72,2.83,8.22,3.69,1.78,3.46,3.25,4.17,3.97,1.76,2.99,2.71,3.05,5.73,-0.39,0.33
196801,-0.51,-2.93,-6.44,-0.08,-1.58,-3.44,-4.04,-6.7,-0.61,0.18,-0.8,-2.52,-2.77,-4.27,-2.3,-5.42,-5.15,-7.75,-4.06,3.91,4.75,0.4
196802,-3.31,-2.91,-3.15,-3.82,-2.56,-2.65,-3.61,-3.31,-5.37,-3.09,-2.97,-2.05,-3.16,-2.01,-4.99,-2.48,-3.12,-3.45,-3.75,-2.95,1.17,0.39
196803,-0.36,-0.83,2.31,0.13,-0.65,-0.46,-0.69,2.77,-0.48,0.4,-0.69,-0.61,-0.05,-0.96,-2.17,0.49,0.6,4.28,0.2,-1.28,-0.59,0.38
196804,7.31,7.61,11.23,11.18,4.91,8.89,9.6,11.4,14.2,9.81,4.68,5.2,8.94,8.81,8.38,10.55,11.43,11.38,9.05,5.73,-1.03,0.43
196805,2.12,1.38,2.93,3.78,0.45,2.23,1.39,3.36,7.38,2.08,0.93,-0.14,2.07,2.42,1.65,1.19,1.58,4.56,2.28,6.43,0.84,0.45
196806,2.18,2.17,-0.41,2.78,2.15,1.78,0.95,-0.46,1.84,3.25,1.73,2.67,2.6,0.74,2.44,-0.18,0.08,-0.82,0.69,-0.17,0.67,0.43
196807,-0.95,-0.49,-4.32,-2.59,0.45,0.14,-3.09,-4.65,-3.35,-2.02,0.93,0.04,2.43,-2.22,-2.82,-3.29,-4.68,-4.63,-2.72,-1.3,5.48,0.48
196808,2.67,1.49,1.29,3.06,2.22,1.21,1.02,1.44,2.69,3.33,2.23,2.21,0.81,1.63,1.28,0.83,1.99,1.03,1.34,2.34,1,0.42
196809,6.61,3.86,3.43,7.04,4.86,3.86,4.55,2.94,8.85,5.69,6.13,3.74,3.13,4.63,4.05,4.93,4.4,1.84,4.03,2.76,0.23,0.43
196810,1.93,1.78,-0.65,1.86,2.38,1.39,1.07,-1.09,1.89,1.85,2.01,2.71,1.66,1.11,1.57,0.7,1.3,-2.95,0.42,-0.47,2.89,0.44
196811,5.53,5.66,6.03,6.03,5.41,5.28,6.69,5.77,5.99,6.05,4.98,5.79,5.87,4.65,6.54,6.79,3.06,7.98,5.43,2.35,-0.9,0.42
196812,-2.7,-3.52,-4.43,-1.67,-3.75,-3.65,-3.96,-4.36,-1.88,-1.51,-3.88,-3.63,-3.72,-3.57,-3.03,-4.64,-3.93,-4.69,-3.94,3.44,0.02,0.43
196901,-0.33,0.12,-1.99,0.03,-0.28,0.62,-1.04,-2.37,-0.68,0.57,-0.74,0.13,0.51,0.74,-1.26,-0.87,-1.78,-2.84,-1.25,-0.78,1.69,0.53
196902,-6.77,-4.91,-4.26,-7.69,-5.37,-4.72,-5,-4.04,-8.28,-7.24,-5.69,-5.09,-4.89,-4.54,-5.16,-4.89,-3.78,-4.24,-5.84,-3.89,0.91,0.46
196903,4.65,2.7,3.23,3.49,3.43,3.85,1.82,3.66,2.7,4.07,5.98,1.2,3.24,4.5,1.6,1.98,3.44,3.84,2.64,-0.25,-0.46,0.46
196904,0.97,2.17,2.7,2.22,2.23,1.41,1.86,2.73,2.88,1.73,-0.44,4.67,0.14,2.73,0.85,2.6,2.28,3.09,1.46,-0.88,0.03,0.53
196905,0.57,0.79,-0.24,0.37,0.94,0.24,-0.19,0.26,-0.96,1.37,0.8,1.06,1.13,-0.68,1.97,-1.75,1.18,-0.45,-0.1,-0.27,0.73,0.48
196906,-10.01,-6.77,-3.53,-10.33,-7.87,-7.22,-5.59,-2.98,-11.03,-9.82,-9.64,-6.34,-7.51,-6.92,-6.11,-5.21,-4.95,-1.43,-7.18,-5.39,-1.09,0.51
196907,-8.25,-6.34,-5.46,-9.16,-6.8,-6.17,-6.18,-5.23,-9.16,-9.15,-7.02,-6.68,-6.53,-5.7,-6.15,-6.21,-5.6,-4.96,-7,-3.21,1.42,0.53
196908,5.47,4.31,5.62,4.2,4.95,4.94,4.43,5.88,5.62,3.52,7.14,3.65,4.53,5.47,4.09,4.74,4.98,6.55,4.68,0.94,-3.87,0.5
196909,-5.08,-2.91,-0.69,-3.81,-4.16,-3.89,-1.18,-0.59,-2.35,-4.52,-6.73,-2.57,-4.27,-3.42,-1.37,-1.02,-1.07,-0.24,-2.98,1.2,-3.19,0.62
196910,5.9,4.94,6.03,6.25,4.61,4.49,6.26,6.21,7.59,5.57,5.43,4.13,2.83,6.55,7.19,5.43,6.22,6.2,5.06,3.81,-3.19,0.6
196911,-4.91,-3.23,-2.53,-4.77,-2.98,-4.18,-3.74,-2.17,-5.41,-4.44,-5.1,-1.72,-4.52,-3.77,-3.71,-3.77,-2.69,-1.8,-3.79,-2.53,-1.12,0.52
196912,-2.54,-2.31,-0.77,-2.4,-3.47,-1.3,-2.07,-0.33,-4.75,-1.21,-2.73,-3.9,-1.22,-1.39,-1.78,-2.32,-0.36,-0.31,-2.63,-3.67,-3.02,0.64
197001,-7.71,-6.92,-7.92,-6.84,-7.13,-7.88,-7.15,-7.91,-5.52,-7.49,-8.87,-6.11,-7.69,-8.1,-6.26,-7.96,-7.2,-8.41,-8.1,2.9,3.04,0.6
197002,7.8,6.53,4.12,7.26,8.54,5.32,5.01,4.08,7.09,7.35,8.55,8.53,4.59,6.19,5.78,4.3,5.52,3.03,5.13,-2.4,4.04,0.62
197003,-0.83,0.65,-1.13,-1.37,0.64,0.12,-0.47,-0.91,-0.97,-1.57,-0.1,1.06,1.31,-1.29,1.05,-1.89,-0.22,-1.43,-1.06,-2.32,4.25,0.57
197004,-10.45,-9.72,-10.31,-10.79,-9.37,-9.56,-10.39,-10.49,-14.3,-9,-10,-9.02,-8.84,-10.44,-11.17,-9.63,-8.22,-12.2,-11,-6.11,6.4,0.5
197005,-5.06,-5.2,-7.51,-6.31,-4.67,-4.51,-7.92,-6.95,-8.94,-5.05,-3.39,-5.38,-2.5,-6.98,-6.25,-9.5,-6.88,-7.01,-6.92,-4.52,3.6,0.53
197006,-4.85,-5.01,-5.21,-5.47,-5.93,-4.33,-3.3,-5.67,-10.26,-3.27,-4.04,-6.99,-5.46,-2.89,-3.08,-3.51,-3.76,-7.17,-5.79,-2.16,0.87,0.58
197007,8.09,9.29,5.29,7.89,8.11,10.2,8.33,4.49,7.28,8.18,8.36,7.85,11.01,8.57,8.21,8.47,5.18,4.13,6.93,-0.54,0.96,0.52
197008,5.01,4.6,5.38,4.77,4.52,4.42,5.31,5.54,3.8,5.22,5.33,3.67,4.28,4.7,5.82,4.75,5.19,5.72,4.49,1.52,1.03,0.53
197009,5.22,2.75,5.89,7.33,3,2.18,3.87,6.29,13.52,4.46,2.39,3.66,2.32,1.88,3.44,4.35,4.83,7.06,4.18,8.62,-5.58,0.54
197010,-2.6,-1.75,-1.13,-2.85,-3.06,-1.19,-1.63,-0.94,-7.99,-0.27,-2.26,-3.92,-1.3,-0.98,-1.41,-1.87,-1.92,-0.43,-2.28,-4.28,0.27,0.46
197011,4.27,5.55,5.16,3.66,4.89,6.01,4.9,5.28,2.97,3.99,5.11,4.64,6.48,5.04,5.13,4.65,5.45,5.19,4.6,-4.07,1.63,0.46
197012,6.36,6.4,5.87,7.01,6.16,6.15,6.75,5.61,8.26,6.43,5.46,6.93,5.68,7.11,6.6,6.91,7.51,4.63,5.72,2.97,1.01,0.42
197101,5.73,5.12,4.38,6.69,4.82,5.1,4.67,4.41,10.33,4.98,4.39,5.28,4.3,6.71,5.05,4.25,5.04,4.08,4.84,7.37,1.38,0.38
197102,1.92,1.04,2.21,2,2.05,-0.14,2.77,2.13,3.32,1.34,1.82,2.29,-0.56,0.68,2.99,2.53,1.69,2.37,1.41,1.88,-1.29,0.33
197103,3.93,3.62,5.32,3.75,3.86,3.08,4.8,5.49,5.5,2.86,4.19,3.5,2.96,3.32,4.97,4.62,5.48,5.5,4.13,2.54,-4.04,0.3
197104,4.7,2.99,3.55,5.76,2.62,2.56,3.27,4.04,5.68,5.8,3.18,2.01,1.99,3.66,4.74,1.6,5.04,3.51,3.15,-0.49,0.72,0.28
197105,-5.06,-3.24,-3.53,-4.7,-4.92,-3.64,-2.6,-3.47,-4.39,-4.86,-5.58,-4.22,-3.91,-3.12,-1.6,-3.78,-2.13,-4.19,-3.98,-1.1,-1.38,0.29
197106,-0.44,0.92,0,-1.27,0.38,0.77,1.49,-0.22,-1.1,-1.36,0.79,-0.06,0.35,1.54,1.95,0.93,0.22,-0.46,-0.1,-1.42,-2.06,0.37
197107,-4.84,-3.87,-4.3,-5.15,-3.99,-3.86,-3.55,-4.7,-7.6,-3.94,-4.41,-3.62,-3.61,-4.29,-4.15,-3,-4.16,-5.09,-4.5,-1.5,0.17,0.4
197108,5.25,3.5,4.79,6.56,3.55,2.78,4.75,5.08,8.31,5.73,3.5,3.6,3.81,0.97,5.72,3.87,6.35,4.17,3.79,-0.16,2.67,0.47
197109,-1.74,-0.71,0.33,-2.02,-1.2,-0.74,-0.28,0.51,-4.15,-0.99,-1.34,-1.07,-0.42,-1.31,-0.31,-0.26,1.07,0.1,-0.85,0.41,-2.96,0.37
197110,-5.08,-4.03,-3.36,-5.96,-3.62,-4.28,-4.02,-3.1,-7.08,-5.43,-3.89,-3.39,-4.04,-4.72,-3.8,-4.22,-3.8,-2.58,-4.42,-1.8,-0.43,0.37
197111,-2.21,-0.29,1.09,-2.85,-0.5,-0.31,0,1.23,-3.35,-2.62,-1.36,0.23,-0.01,-0.85,-0.7,0.64,1.84,0.78,-0.46,-2.85,-1.7,0.37
197112,10.69,8.33,9.52,10.94,9.03,8.34,8.53,9.85,11.86,10.51,10.35,7.92,7.47,9.92,8.65,8.41,10.49,9.38,8.71,3.32,-0.35,0.37
197201,4.12,0.97,3.82,5.78,1.68,0.94,1.3,4.39,8.35,4.58,1.92,1.47,0.54,1.67,0.62,1.91,2.98,5.44,2.49,6.12,1.99,0.29
197202,2.1,2.09,4.58,2.52,1.86,2.51,3.12,4.38,2.52,2.52,1.52,2.17,1.9,3.59,0.72,5.25,5.66,3.45,2.87,1.37,-2.76,0.25
197203,-0.53,0.52,1.66,-0.45,-0.96,0.05,2.62,1.61,-0.44,-0.46,-0.63,-1.24,1.93,-3.26,3.54,1.83,1.99,1.32,0.63,-0.27,-1.73,0.27
197204,1.52,-0.16,0.82,1.54,0.88,-0.7,0.83,0.87,2.78,0.93,1.5,0.35,-1.08,-0.01,1.06,0.63,1.29,0.55,0.29,0.01,0.23,0.29
197205,-0.26,0.77,3.21,-1.14,0.7,1.27,1.04,3.47,-1.5,-0.97,0.98,0.45,0.23,3.17,-0.43,2.31,4.05,3.03,1.25,-2.79,-2.69,0.3
197206,-3.95,-2.8,-0.73,-4.42,-2.77,-3.11,-1.23,-0.85,-5.81,-3.73,-3.31,-2.29,-3.14,-3.05,-2.3,-0.33,-0.63,-1.01,-2.43,0.33,-2.51,0.29
197207,-3.12,-1.01,0.8,-4.48,-1.5,-1.13,0.34,0.81,-4.32,-4.55,-1.7,-1.24,-0.97,-1.48,-0.53,0.79,0.86,0.78,-0.8,-2.89,0.78,0.31
197208,5.14,4.57,2.38,5.5,4.93,3.64,5.17,1.56,4.83,5.79,4.77,5.14,3.33,4.28,6.44,4.54,0.47,2.29,3.26,-4.09,4.69,0.29
197209,-2.27,-0.45,-0.5,-3.65,-1,-0.15,-0.61,-0.46,-4.5,-3.3,-0.87,-1.18,0.53,-1.54,-0.63,-0.59,-0.25,-0.59,-1.14,-2.67,0.47,0.34
197210,0.5,1.71,0.57,0.14,1.25,2.21,1.69,-0.12,-1.72,0.91,0.86,1.75,2.36,1.91,0.44,2.33,1.81,-1.39,0.52,-2.74,1.37,0.4
197211,7.3,6.31,3.39,8.08,6.97,5.97,4.94,3.04,6.16,8.85,6.54,7.51,5.99,5.93,6.28,4.27,3.13,2.98,4.6,-1.11,4.76,0.37
197212,-1.83,0.58,2.22,-2.72,-0.92,1.23,1.51,2.21,-3.25,-2.51,-0.95,-0.87,1.27,1.14,0.08,2.24,2.8,1.81,0.62,-1.86,-2.27,0.37
197301,-3.5,-3.26,-1.68,-4.97,-2.18,-3.66,-1.96,-1.77,-4.22,-5.27,-2.06,-2.33,-3.55,-3.88,-2.97,-1.46,-4.2,-0.09,-3.29,-3.48,2.68,0.44
197302,-5.39,-5.01,-3.25,-4.47,-6.14,-3.77,-4.26,-3.46,-4.59,-4.42,-6.26,-5.99,-3.7,-3.91,-7.38,-2.75,-4,-3.1,-4.85,-3.99,1.7,0.41
197303,-0.06,-0.78,-0.55,0.55,-0.27,-1.98,-0.09,-0.42,-0.73,1.06,-0.66,0.2,-1.88,-2.2,1.58,-0.86,0.29,-0.88,-1.3,-2.82,2.78,0.46
197304,-5.09,-3.01,-5.39,-6.03,-3.81,-2.58,-3.99,-5.93,-6.44,-5.87,-4.18,-3.35,-1.61,-4.66,-3.83,-4.07,-6.56,-5.51,-5.68,-3.99,5.69,0.52
197305,-4.92,-1.97,-1.24,-5.62,-3.99,-1.54,-0.74,-1.65,-6.66,-5.23,-4.24,-3.68,-0.58,-3.68,-1.74,-0.27,-1.12,-1.99,-2.94,-6.12,0.21,0.51
197306,-1.87,-1.69,-0.29,-1.73,-1.51,-1.78,-0.68,-0.39,-2.44,-1.45,-2,-0.9,-1.61,-2.17,-2.04,-0.06,-0.69,-0.19,-1.56,-2.95,1.44,0.51
197307,8.23,4.96,5.23,8.7,5.34,4.15,7.55,4.49,9.29,8.36,7.45,3.92,3.41,5.92,7.64,7.49,4.98,4.03,5.05,7.92,-5.35,0.64
197308,-1.98,-3.07,-3.52,-0.61,-3.45,-3.01,-3.66,-3.42,-1,-0.39,-4.25,-2.89,-3.14,-2.7,-3.37,-3.85,-3.27,-3.55,-3.82,-2.02,1.13,0.7
197309,8.02,8.16,2.88,8.63,7.57,8.47,6.57,1.88,7.31,9.37,6.96,7.98,8.11,9.32,7.68,5.87,5.4,-1.44,4.75,2.94,2.19,0.68
197310,0.21,-0.54,-0.03,1.14,0.16,-1.27,-0.12,-0.14,1.86,0.74,-1.41,1.23,-1.94,0.29,-0.77,0.29,-0.27,-0.01,-0.83,-0.23,1.75,0.65
197311,-11.65,-12.84,-12.1,-10.78,-13.88,-10.23,-13.85,-12.11,-12.39,-9.88,-13.2,-14.32,-9.05,-12.89,-16.63,-12.09,-12.35,-11.86,-12.75,-7.71,4.09,0.56
197312,3.42,3.25,-0.54,4.33,4.36,3.36,1.16,-1.34,3.87,4.58,1.74,6.12,3.7,2.55,0.16,1.76,1.33,-4.02,0.61,-5.29,4.1,0.64
197401,2.79,0.91,-1.07,2.25,0.88,1.55,-0.63,-0.77,5.18,0.67,3.82,-1,1.07,2.67,1.53,-1.9,-2.3,0.86,-0.17,9.76,5.98,0.63
197402,1.32,1.53,-1.27,1.14,0.51,2.46,-0.61,-1.1,1.01,1.21,1.65,-0.26,2.57,2.22,1.28,-1.75,-0.82,-1.38,-0.47,0.04,2.56,0.58
197403,-5.05,-2.52,-1.13,-4.31,-3.81,-3.17,-1.15,-1.22,-3.78,-4.61,-6.41,-2.02,-3.29,-2.89,-1.58,-0.88,-1.36,-1.08,-2.81,2.51,-0.11,0.56
197404,-7.2,-4.93,-3.36,-7.13,-5.83,-5.27,-3.49,-3.48,-6,-7.78,-7.32,-4.85,-5.04,-5.82,-4.24,-3.02,-2.86,-4.11,-5.29,-0.7,1.03,0.75
197405,-9.39,-3.98,-1.61,-8.73,-7.81,-3.29,-2.44,-1.53,-8.74,-8.73,-10.64,-6.01,-2.24,-5.78,-3.43,-1.83,-0.95,-2.13,-4.68,-3,-2.07,0.75
197406,-2.9,-2.19,-1.63,-2.51,-2.5,-1.76,-2.27,-1.67,-4.25,-1.51,-3.65,-1.81,-1.14,-3.27,-3.49,-1.53,-1.85,-1.47,-2.83,-0.2,0.77,0.6
197407,-4.38,-6.82,-8.86,-4.9,-7,-5.57,-8.12,-8.9,-5.21,-4.71,-3.56,-9.35,-5.86,-5.11,-7.29,-8.74,-7.64,-9.54,-8.05,0.92,5.14,0.7
197408,-8.69,-8.24,-8.91,-8.48,-9.42,-6.76,-10.29,-8.38,-7.71,-8.96,-9.02,-9.72,-4.87,-9.69,-10.04,-10.48,-10.45,-7.29,-9.35,-0.68,2.5,0.6
197409,-7.95,-8.32,-13.94,-6.13,-9.17,-6.74,-11.67,-14.74,-5.84,-6.31,-10.82,-7.96,-6.59,-6.99,-11.87,-11.52,-13.5,-15.37,-11.77,0.27,5.49,0.81
197410,16.32,17.52,16.77,17.62,13.13,17.59,18.65,16.88,16.6,18.28,14.16,12.4,17.17,18.26,21.51,16.46,18.62,15.97,16.1,-3.51,-9.99,0.51
197411,-0.94,-3.6,-5.18,-0.93,-3.12,-3.45,-3.59,-5.59,-0.54,-1.18,-0.95,-4.69,-3.6,-3.19,-3.1,-3.98,-6.6,-5.04,-4.51,-1.17,-0.16,0.54
197412,-3.8,-0.8,-3.77,-3.11,-2.59,-0.29,-3.31,-3.53,-4.28,-2.38,-4.96,-0.81,0.25,-1.16,-1.85,-4.5,-2.84,-3.89,-3.45,-4.84,0,0.7
197501,16.9,13.01,13.95,16.2,18.68,11.52,13.36,13.69,16.13,16.23,18.13,19.08,10.44,13.28,11.71,14.73,10.61,15.33,13.66,11.01,8.44,0.58
197502,4.38,3.55,8.74,3.75,3.72,3.44,6.12,9.23,3.78,3.74,5.45,2.48,3.65,3.1,4.62,7.33,8.1,9.81,5.56,0.16,-4.56,0.43
197503,4.05,3.32,2.74,2.59,5.62,2.21,4.17,2.31,2.88,2.41,6.47,4.99,0.76,4.52,4.35,4.02,2.96,1.98,2.66,3.75,2.49,0.41
197504,4.23,3.68,5.73,3.36,2.66,3.84,4.6,6.46,4.43,2.69,5.64,0.43,3.56,4.27,5.85,3.61,8.84,5.25,4.23,-0.54,-1.11,0.44
197505,6.26,5.95,5.19,7.44,6.03,5.67,3.84,6.1,7.51,7.39,4.4,7.3,5.67,5.67,5.54,2.47,6.52,5.88,5.19,3.83,-4.02,0.44
197506,7.49,6.02,3.97,7.43,7.38,5.98,5.96,3.13,6.99,7.71,7.58,7.22,5.13,7.28,5.23,6.56,4.1,2.61,4.83,0.76,1.32,0.41
197507,-6.52,-5.46,-6.73,-5.4,-6.78,-4.14,-7.06,-6.75,-6.13,-5.02,-7.82,-5.43,-3.22,-5.47,-7.35,-6.65,-7.16,-6.43,-6.59,2.69,1.7,0.48
197508,-3.43,-2.47,-1.83,-4.3,-1.57,-3.08,-2.61,-1.56,-5.47,-3.7,-2.37,-0.54,-2.92,-3.31,-2.43,-2.86,-2.07,-1.18,-2.85,-3.2,-0.9,0.48
197509,-4.24,-3.43,-3.55,-3.89,-4.01,-2.29,-5.77,-2.75,-4.35,-3.67,-4.64,-3.23,-1.62,-3.27,-5.15,-6.67,-3.87,-1.89,-4.26,-0.13,0.34,0.53
197510,6.44,6.99,5.05,5.45,7.38,6.48,7.51,4.52,4.96,5.7,7.61,7.09,7.92,4.33,7.72,7.19,4.48,4.56,5.31,-4.02,0.3,0.56
197511,4.37,3.12,2.69,4.03,4.31,3.21,2.51,2.82,4.86,3.62,4.76,3.74,3.81,2.27,2.72,2.2,3.95,1.97,2.64,-1.19,1.99,0.41
197512,-1.4,-0.74,-1.37,-1.01,-1.82,-0.02,-1.4,-1.35,-0.41,-1.31,-1.85,-1.77,0.33,-0.57,-1.35,-1.47,-1.68,-1.1,-1.6,-0.76,1.75,0.48
197601,13.12,12.7,12.31,13.62,13.4,11.69,13.52,11.97,15.99,12.43,12.54,14.48,10.21,14.05,13.41,13.68,11.17,12.58,12.16,4.8,8.58,0.47
197602,3.01,0.66,-0.49,3.4,1.82,1.32,-0.15,-0.67,6.93,1.56,2.55,0.93,2.51,-0.52,-0.42,0.24,-1.62,0.04,0.32,7.03,5.78,0.34
197603,3.47,1.84,3.26,3.44,3.42,2.45,1.42,3.29,3.28,3.53,3.51,3.31,2.24,2.76,0.28,3.11,4.21,2.62,2.32,-1.17,-0.04,0.4
197604,-2.24,0.07,-1.71,-1.46,-1.96,0.39,-0.61,-1.83,-2.49,-0.89,-3.17,-0.44,0.52,0.19,-0.19,-1.22,-2.42,-1.39,-1.49,-0.03,-0.06,0.42
197605,-2.83,-1.73,0.37,-2.49,-2.37,-1.62,-1.34,0.53,-4.04,-1.67,-3.24,-1.3,-2.3,-0.56,-2.1,-0.24,-1.28,1.88,-1.34,-1.24,-1.32,0.37
197606,5.21,4.03,4.93,5.92,4.74,3.89,4.14,4.97,6.18,5.79,4.36,5.19,2.99,5.27,3.71,4.74,4.21,5.53,4.05,-1.35,0.68,0.43
197607,0.31,-0.56,-0.92,0.68,-0.33,-0.27,-0.78,-1.16,3.73,-0.79,-0.25,-0.39,0.49,-1.15,-1.39,-0.45,-0.6,-1.4,-1.07,0.3,1.74,0.47
197608,0.28,0.22,-0.51,0.65,0.26,0.54,-0.19,-0.88,-0.93,1.45,-0.29,0.7,2.09,-1.3,-0.98,0.23,-2.43,-0.19,-0.56,-2.01,0.79,0.42
197609,2.02,2.49,2.77,1.41,2.77,2.43,2.31,3.05,1.46,1.38,2.99,2.6,2.64,2.17,2.53,2.2,2.19,3.43,2.07,0,-0.29,0.44
197610,-2.02,-1.49,-2.61,-2.12,-1.96,-1.13,-1.99,-2.88,-2.06,-2.15,-1.88,-2.02,-0.82,-1.51,-1.84,-2.06,-2.58,-3.01,-2.42,0.25,-0.12,0.41
197611,2.42,0.9,-0.05,3.09,1.73,0.64,-0.06,0.11,3.07,3.11,1.39,2,2.48,-1.65,0.52,-0.36,1.81,-0.62,0.36,2.32,1.52,0.4
197612,6.46,6.14,5.78,6.15,6.96,6.05,5.26,6.12,6.73,5.87,6.95,6.97,3.77,8.98,5.57,5.1,5.82,6.26,5.65,3,2.21,0.4
197701,-3.58,-2.92,-4.49,-4.13,-1.87,-2.88,-5.95,-3.41,-3.77,-4.31,-2.74,-1.17,-2.56,-3.27,-4.67,-6.63,-4.25,-3.04,-4.05,4.78,4.26,0.36
197702,-1.61,-1.55,-1.78,-1.43,-2.38,-0.89,-1.93,-1.71,-2.13,-1.09,-1.89,-2.76,-0.34,-1.57,-1.92,-1.93,-2.32,-1.45,-1.94,1.08,0.5,0.35
197703,-0.17,-1.15,-1.24,-0.08,-0.74,-0.8,-2.5,-0.51,-0.29,0.02,-0.31,-1.09,-0.81,-0.8,-2.06,-2.73,0.26,-0.84,-1.37,0.99,1.02,0.38
197704,2.63,0.72,-0.58,2.75,1.93,0.53,-0.31,-0.52,4.4,1.96,2.45,1.52,-0.64,1.97,0.41,-0.7,1.25,-1.29,0.15,-0.1,3.47,0.38
197705,-1.57,-0.31,-1.41,-1.39,-0.98,0.15,-1.53,-1.35,-0.77,-1.69,-1.86,-0.26,0.24,0.04,-1.51,-1.54,0.08,-1.99,-1.45,1.18,0.84,0.37
197706,4.67,4.37,5.87,5.02,4.75,3.55,5.17,6.31,7.04,4.04,4.12,5.25,3.16,4.03,5.56,4.95,6.03,6.44,4.71,2.13,-0.64,0.4
197707,-1.86,-0.97,-1.29,-2.8,0.18,-0.93,-1.36,-1.49,-2.96,-2.73,-0.01,0.33,-0.9,-0.98,-2.03,-0.87,-2.08,-1.04,-1.69,2.12,-0.59,0.42
197708,-1.8,-1.28,-1.07,-1.31,-2.58,-1.42,-0.09,-1.54,-2.87,-0.66,-2.74,-2.45,-1.53,-1.26,-0.12,-0.06,-1.89,-1.29,-1.75,1.52,-2.79,0.44
197709,-0.94,0.58,0.13,-1.71,0.57,1.1,-0.04,0.11,-1.1,-1.96,0.56,0.58,2.12,-0.41,-0.33,0.17,0.19,0.05,-0.27,1.45,-0.49,0.43
197710,-3.48,-4.13,-3.81,-3.73,-3.84,-4.14,-4.04,-3.63,-5.77,-2.88,-3,-4.49,-4.48,-3.63,-3.82,-4.2,-4.45,-3.03,-4.38,1.27,1.72,0.49
197711,5.05,4.84,3.84,5.49,4.92,4.53,4.24,3.88,6.66,5.02,4.23,5.48,4.09,5.2,4.91,3.76,3.86,3.9,4,3.72,0.31,0.5
197712,-0.01,0.73,0.97,-0.29,0.45,1.08,0.32,1.29,-0.2,-0.33,0.53,0.39,1.44,0.55,0.37,0.28,0.98,1.52,0.27,1.35,-0.37,0.49
197801,-4.84,-5.19,-6.14,-4.77,-4.62,-5.08,-6.74,-5.63,-3.91,-5.12,-4.97,-4.35,-4.74,-5.59,-6.04,-7.25,-5.92,-5.42,-6.01,2.22,3.31,0.49
197802,-1.18,-0.19,-1.54,-1.36,-0.56,0.63,-1.58,-1.5,-0.88,-1.56,-0.84,-0.34,1.63,-0.89,-1.52,-1.63,-1.71,-1.35,-1.38,3.59,0.76,0.46
197803,3.79,4.02,2.58,3.52,3.89,3.88,4.04,2.11,6.51,2.25,4.3,3.58,3.31,4.76,4.61,3.61,2.77,1.64,2.85,3.48,1.2,0.53
197804,7.06,7.49,10.07,8.24,5.99,6.38,10.32,9.81,8.82,7.99,4.79,6.91,5.76,7.35,9.9,10.64,9.62,9.95,7.88,0.4,-3.54,0.54
197805,2.6,2.02,2.22,3,2.18,1.52,2.73,1.92,3.15,2.94,1.82,2.45,0.56,3.01,2.55,2.87,2.49,1.5,1.76,4.56,-0.62,0.51
197806,-0.66,-0.72,-1.89,-0.8,-0.56,-1.22,-0.73,-2.16,-0.53,-0.92,-0.37,-0.7,-0.88,-1.72,0.09,-1.33,-2.88,-1.63,-1.69,1.69,0.59,0.54
197807,5.16,5.41,6.1,4.77,4.57,5.53,5.96,6.51,6.29,4.04,5.84,3.88,5.7,5.35,6.81,5.04,5.94,6.96,5.11,0.26,-1.11,0.56
197808,3.49,3.85,5.15,3.79,3.81,3.85,4.48,4.97,5.48,2.97,2.95,4.29,3.72,3.99,3.44,5.62,4.97,4.98,3.75,5.06,-0.46,0.56
197809,-0.57,-0.82,-0.94,-0.37,-0.15,-1.05,-0.85,-1.3,1.86,-1.48,-0.93,0.27,-1.5,-0.58,-1.62,-0.03,-0.39,-2.03,-1.43,-0.39,1.87,0.62
197810,-12.75,-10.71,-10.82,-13.08,-9.79,-12.02,-11.16,-10.75,-16.6,-11.27,-12.16,-8.52,-12.22,-11.82,-11.3,-11.02,-10.66,-10.82,-11.91,-9.88,1.36,0.68
197811,3.78,3.46,3.34,3.31,3.85,3.5,3.2,3.48,3.02,3.45,4.6,3.46,3.35,3.66,3.4,2.99,3.15,3.75,2.71,3.01,-2.22,0.7
197812,-0.02,1.08,2.93,-0.53,0.48,1.76,1.23,3.53,0.58,-1.08,0.87,0.27,1.22,2.33,1.07,1.39,2.61,4.28,0.88,1.24,-2.19,0.78
197901,7.86,4.51,4.07,9.23,5.05,5.18,3.91,3.92,11.3,8.21,5.55,4.79,5.09,5.28,3.39,4.46,2.74,4.87,4.23,3.66,2.27,0.77
197902,-2.9,-2.72,-3.24,-2.43,-2.63,-3.08,-3.15,-3.19,-1.92,-2.7,-3.72,-2.06,-3.72,-2.43,-2.96,-3.36,-3.2,-3.18,-3.56,0.45,1.2,0.73
197903,6.87,5.66,6.83,6.97,4.73,6.69,6.5,6.91,9.05,5.9,6.69,3.71,6.34,7.06,6.38,6.63,6.48,7.25,5.68,3.19,-0.67,0.81
197904,-0.74,0.74,1.28,-0.76,-1.03,1.54,1.59,1.2,-0.26,-1.02,-0.72,-1.19,0.94,2.15,1.7,1.48,0.67,1.63,-0.06,2.18,1.05,0.8
197905,-0.72,-1.53,-1.85,-0.48,-0.67,-1.41,-2.37,-1.8,-0.55,-0.44,-1.14,-0.41,-1.31,-1.51,-2.75,-1.97,-2.21,-1.49,-2.21,0.16,1.32,0.82
197906,6.05,4.5,4.07,5.63,4.71,5.74,4.6,3.57,6.77,5.01,6.79,3.6,5.43,6.07,3.84,5.38,4.71,2.69,3.85,1.17,1.48,0.81
197907,2.17,1.98,0.99,2.01,1.49,2.08,2.65,0.39,2.5,1.65,2.48,0.95,1.96,2.19,3.01,2.34,1.88,-0.91,0.82,1.26,1.7,0.77
197908,4.99,6.62,6.5,5.01,4.54,8.13,6.88,6.22,6.8,3.69,4.97,4.3,7.38,8.85,6.58,7.14,6.37,6.08,5.53,2.08,-1.55,0.77
197909,-0.97,-0.23,0.52,-1.85,-0.37,0.25,0.31,0.36,-1.37,-2.2,0.63,-0.93,0.05,0.44,-0.34,0.88,1.29,-0.48,-0.82,-0.25,-0.87,0.83
197910,-8.37,-7.1,-6.54,-8.38,-7.47,-6.72,-6.92,-6.78,-10.36,-6.87,-8.37,-6.95,-6.82,-6.62,-7.94,-6.03,-5.51,-7.94,-8.1,-3.34,-1.86,0.87
197911,6.83,5.84,6.15,6.85,5.69,6.75,5.12,6.58,6.25,7.29,6.78,5.08,7.16,6.38,5.01,5.21,6.56,6.6,5.21,2.74,-3.25,0.99
197912,2.93,2.63,2.4,2.74,1.97,3.2,2.55,2.55,4.89,1.18,3.26,1.22,3.18,3.22,3.12,2.07,3.15,1.99,1.79,4.17,-1.98,0.95
198001,7.01,5.51,6.53,7.08,3.87,7.24,6.57,6.28,9.67,5.12,6.87,2.12,6.02,8.37,5.97,7.08,6.34,6.22,5.51,1.65,1.8,0.8
198002,-0.85,-1.25,0.29,-1.08,0.45,-0.7,-2.26,0.53,0.45,-2.27,-0.45,0.99,-1.2,-0.25,-4.65,-0.25,3.89,-2.63,-1.22,-1.82,0.62,0.89
198003,-13.17,-10.14,-11.52,-13.3,-10.25,-11.69,-9.28,-12.33,-16.97,-10.37,-12.95,-8.64,-10.48,-12.79,-8.74,-9.71,-12.07,-12.59,-12.9,-6.64,-1.06,1.21
198004,6.79,5.15,4.1,6.73,6.49,5.66,4.36,3.45,4.59,8.31,6.88,6.27,6.5,4.88,2.93,5.52,5.42,1.44,3.97,0.97,1.06,1.26
198005,6.17,6.03,5.74,6.64,5.66,6.11,6.42,5.31,6.48,6.76,5.36,5.84,5.95,6.27,6.11,6.66,5.42,5.19,5.26,2.16,0.39,0.81
198006,4.1,2.73,3.65,4,2.9,3.15,2.95,3.87,3.88,4.09,4.28,2.11,3.8,2.54,2.62,3.2,3.59,4.17,3.06,1.67,-0.89,0.61
198007,5.03,6.58,8.48,4.06,5.49,6.3,8.27,8.75,5.66,3,6.6,4.71,5.98,6.53,8.62,7.98,10.46,8.07,6.49,4.25,-6.3,0.53
198008,0.84,2.88,2.41,0.72,2.27,3.11,1.68,3.06,1.39,0.26,1.04,3.14,3.38,2.93,2.28,1.17,3.32,2.96,1.8,3.92,-2.64,0.64
198009,1.97,2.85,3.71,1.33,1.54,3.2,4.44,3.21,0.53,1.89,2.98,0.55,2.84,3.45,4.19,4.66,2.57,3.48,2.19,0.89,-4.79,0.75
198010,0.8,1.44,3.37,0.57,0.14,2.09,2.09,4.03,2.34,-0.64,1.17,-0.59,2.7,1.66,2.05,2.13,0.5,5.46,1.06,2.47,-2.74,0.95
198011,5.58,11.53,12.34,4.94,5.91,14.43,12.45,11.92,5.56,4.53,6.53,5.46,12.19,15.97,11.65,13.13,8.57,13.22,9.59,-3.45,-8.35,0.96
198012,-1.58,-2.53,-4.14,-1.92,-1.16,-2.98,-4.36,-3.3,-3.63,-0.76,-1.07,-1.23,-3.09,-2.91,-2.73,-5.74,0.42,-4.68,-4.52,-0.28,2.68,1.31
198101,-0.63,-3.81,-5.94,-0.16,0.24,-5.94,-4.69,-6.32,2.09,-1.64,-1.32,1.43,-4.4,-6.98,-4.11,-5.2,-4.17,-7.16,-5.04,3,6.84,1.04
198102,1.01,2.88,1.27,0.56,1.65,2.27,4.1,0.12,0.99,0.26,1.67,1.63,2.26,2.28,4.79,3.49,2.71,-0.93,0.57,-0.31,0.97,1.07
198103,8.21,4.39,2.91,8.83,6.54,3.75,4.17,2.27,8.21,9.25,7.3,5.97,3.46,3.95,4.23,4.11,5.17,1.05,3.56,3.58,0.67,1.21
198104,-0.56,-0.65,-1.59,-0.27,0.81,-0.77,-2.54,-1.09,0.09,-0.52,-0.99,2.16,-0.33,-1.08,-2.56,-2.52,0.28,-1.68,-2.11,4.42,2.26,1.08
198105,2.01,0.81,1.03,2.08,2.48,0.53,0.2,1.2,2.58,1.74,1.9,2.9,1.15,0.09,-0.38,0.72,3.05,0.38,0.11,2,-0.43,1.15
198106,0.1,-1.14,-1,-1.01,0.32,-0.84,-1.55,-0.9,-2.37,-0.06,1.74,-0.69,-2.08,0.05,-1.97,-1.18,-2.9,0.03,-2.36,-0.85,5.13,1.35
198107,-1.91,-0.82,1.18,-1.95,-1.85,-0.47,0.49,0.98,-2.25,-1.78,-1.85,-1.85,-0.99,0.09,-0.76,1.56,-0.01,1.65,-1.54,-2.18,-0.66,1.24
198108,-6.41,-5.17,-6.32,-6.48,-6.76,-3.98,-6.3,-6.17,-8.18,-5.54,-6.29,-7.18,-3.67,-4.29,-5.94,-6.6,-5.74,-6.46,-7.04,-1.95,4.84,1.28
198109,-5.55,-4.69,-6.76,-5.59,-4.88,-4.65,-5.67,-7.03,-8.26,-4.14,-5.49,-4.33,-2.95,-6.42,-4.99,-6.23,-6.31,-7.52,-7.17,-2.66,5.2,1.24
198110,3.74,6.05,7.29,2.52,6.27,5.18,7.34,7.22,2.91,2.31,5.86,6.63,4.8,5.59,7.23,7.43,8.68,6.19,4.92,2.13,-4.21,1.21
198111,5.17,3.99,4.17,5.07,5.22,3.69,4.12,4.07,3.75,5.76,5.35,5.1,3.85,3.51,3.83,4.36,3.2,4.69,3.36,-0.96,1.9,1.07
198112,-3.01,-2.08,-3.3,-2.81,-2.71,-1.77,-3.28,-2.99,-3.71,-2.34,-3.35,-2.14,-1.53,-2.02,-2.59,-3.87,-2.88,-3.08,-3.65,1.17,0.74,0.87
198201,-1.14,-2.47,-2.56,-0.83,-1.65,-2.79,-3.05,-2.04,-1.29,-0.59,-1.68,-1.63,-1.55,-4.12,-2.44,-3.55,-3.05,-1.33,-3.24,-1.29,3.17,0.8
198202,-1.63,-4.91,-6.12,-1.4,-2.37,-5.2,-6.56,-5.55,-2.93,-0.62,-2.02,-2.69,-5.57,-4.79,-5.79,-7.22,-4.65,-6.18,-5.86,0.49,6.1,0.92
198203,0.56,-0.5,-1.47,0.92,-0.17,-0.33,-0.81,-1.86,0.33,1.22,-0.06,-0.27,0.33,-1.06,-0.92,-0.71,0.05,-3.24,-1.87,-0.19,3.78,0.98
198204,4.07,3.82,5.3,3.88,4.69,2.6,4.47,6.07,3.59,4.02,4.4,4.95,1.75,3.54,5.2,3.84,5.57,6.43,3.27,1.51,-2.78,1.13
198205,-3.61,-3.08,-2.15,-2.92,-4.35,-2.27,-2.42,-2.66,-2.96,-2.91,-4.8,-3.95,-2.84,-1.66,-3.87,-1.16,-3.67,-1.91,-3.99,0.47,1.81,1.06
198206,-1.47,-2.28,-1.81,-1.1,-2.36,-2.52,-1.21,-2.36,-0.99,-1.15,-2.16,-2.53,-2.98,-2.02,-1.74,-0.75,-2.46,-2.29,-3.09,-0.4,1.54,0.96
198207,-2.59,-2.1,-1.9,-2.94,-1.9,-2.62,-2.34,-1.18,-2.68,-3.1,-2.1,-1.73,-1.69,-3.65,-1.41,-3.33,-2.84,0.1,-3.19,0.84,0.15,1.05
198208,13.75,12.16,10.39,12.93,14.65,11.62,11.75,9.61,13.02,12.87,14.89,14.45,11.74,11.49,11.54,11.97,9.61,9.61,11.14,-4.11,1.16,0.76
198209,0.99,1.26,3.02,0.3,1.13,1.47,2.2,3.05,1.08,-0.19,1.95,0.45,1.02,1.98,1.48,2.98,2.8,3.24,1.29,2.88,0.34,0.51
198210,12.56,11.43,11.96,13.84,12.26,10.14,11.13,13.02,17.33,11.64,10.84,13.45,8.65,11.81,12.3,9.87,13.1,12.96,11.3,2.35,-3.68,0.59
198211,6.66,4.6,5.36,7.13,5.5,4.01,4.61,6.1,9.25,5.69,6.02,5.07,4.27,3.72,5.3,3.85,4.28,7.45,4.67,4.77,-1.96,0.63
198212,1.77,0.47,1.83,1.78,1.15,0,0.58,2.73,2.52,1.26,1.76,0.65,0.2,-0.22,1.14,-0.04,1.04,3.95,0.55,-0.18,0.01,0.67
198301,4.17,4.9,3.18,4.65,4.34,5.65,3.35,3.2,4.85,4.51,3.5,5.04,8.42,2.52,3.55,3.12,2.97,3.37,3.6,2.7,-0.86,0.69
198302,4.79,2.61,3.27,4.71,3.6,2.83,2.76,3.26,4.37,4.95,4.92,2.53,2.25,3.52,2.28,3.29,3.26,3.26,2.59,3.23,0.67,0.62
198303,4,3.23,3.66,4.41,3.2,3.53,2.84,4.05,6.45,2.93,3.43,3,2.76,4.44,2.87,2.81,4.81,3.52,2.82,1.77,2.07,0.63
198304,7.62,7.11,7.42,8.39,6.66,7.59,6.58,7.76,11.23,6.26,6.51,6.79,6.13,9.29,6.49,6.68,6.16,8.89,6.67,0.53,0.6,0.71
198305,2.83,-0.12,1.05,2.86,1.47,0.68,-0.74,1.28,2.22,3.37,2.79,0.39,-0.79,2.33,-1.87,0.55,2.49,0.45,0.52,6.16,-1.4,0.69
198306,1.44,3.77,5.06,2.52,2.08,2.87,5.79,4.47,4.16,1.25,-0.15,3.96,2.67,3.09,5.25,6.38,3.65,5.06,3.07,0.91,-3.87,0.67
198307,-2.76,-2.98,-3.87,-3.92,-1.79,-2.7,-3.91,-3.84,-4.4,-3.63,-1.28,-2.33,-3,-2.33,-3.87,-3.95,-3.97,-3.76,-4.07,1.46,5.62,0.74
198308,-0.6,1.46,-0.17,-0.29,0.37,1.63,0.71,-0.42,-1.81,0.61,-0.98,1.83,2.51,0.54,0.94,0.43,0.59,-1.1,-0.5,-4.3,5.55,0.76
198309,1.45,1.8,1.78,0.67,2.46,1.58,1.74,1.8,-1.38,1.85,2.41,2.51,2.06,0.97,1.76,1.72,1.54,1.98,0.91,0.56,1.09,0.76
198310,-2.18,-2.17,-2.92,-4.02,-0.39,-2.62,-2.49,-2.96,-7.08,-2.32,0.06,-0.86,-3.15,-1.95,-2.19,-2.84,-1.52,-3.93,-3.44,-3.6,5.06,0.76
198311,4.05,2.5,2.44,5.29,2.3,2.36,3.72,1.59,6.12,4.84,2.6,1.98,1.85,3,3.07,4.49,2.31,1.09,2.16,2.04,-0.62,0.7
198312,-2.29,-1.34,0.15,-2.51,-1.85,-0.88,-0.8,0,-2.14,-2.72,-2.03,-1.67,-0.62,-1.21,-1.95,0.52,-0.82,0.56,-1.78,-0.29,1.67,0.73
198401,-2.18,0.58,-2.45,-1.79,-1.62,0.67,-0.43,-2.58,-0.56,-2.47,-2.64,-0.54,1.8,-0.74,1.1,-2.16,-1.75,-3.15,-1.92,-0.43,7.63,0.76
198402,-5.47,-3.29,-3.94,-5.12,-4.39,-4.26,-2.7,-4.05,-6.66,-4.25,-5.89,-2.85,-3.43,-5.33,-1.85,-3.69,-3.49,-4.46,-4.82,-1.71,3.36,0.71
198403,2.68,0.63,1.23,3.05,1.64,0.12,0.87,1.6,2.41,3.4,2.24,1.04,-1.18,1.83,1.27,0.39,1.13,1.94,0.63,0.07,0.48,0.73
198404,-2.93,1.75,0.8,-3.92,-0.41,2.18,0.81,1.19,-5.54,-3.03,-1.69,0.88,1.59,2.93,1.56,-0.09,1.79,0.75,-0.51,-1.2,1.29,0.81
198405,-7.1,-4.93,-4.23,-8.05,-4.8,-5.83,-3.54,-4.83,-10.34,-6.83,-5.96,-3.66,-6.09,-5.49,-4.14,-2.81,-4.48,-5.1,-5.97,0.03,0.26,0.78
198406,0.32,3.59,3.44,-0.36,2.06,4.5,3.46,2.89,-1.21,0.08,1.11,2.98,5.95,2.67,2.35,4.7,3.53,2.41,1.82,-0.32,-2.6,0.75
198407,-4.56,-2.12,-0.9,-6.07,-1.94,-2.75,-2.27,-0.16,-9.08,-3.99,-2.87,-1.15,-2.09,-3.46,-1.98,-2.58,-1.52,0.97,-2.74,-2.21,0.49,0.82
198408,12.71,11.03,11.21,13.19,11.84,10.82,10.98,11.27,13.48,13,12.17,11.58,11.1,10.5,10.89,11.07,11.16,11.37,10.28,-0.25,-1.85,0.83
198409,-0.93,-0.14,0.28,-1.73,-0.22,0.61,0.22,-0.25,-2.91,-0.96,-0.04,-0.36,1.12,0.04,-1.01,1.5,-0.98,0.35,-0.8,0.2,5.32,0.86
198410,0.02,-0.42,0.75,-1.75,0.58,-1.08,0.77,0.67,-3.52,-0.61,1.96,-0.55,-0.91,-1.27,0.61,0.93,0.73,0.62,-0.84,-1.2,0.51,1
198411,-1.13,-0.63,-1.57,-1.61,-0.47,0.13,-1.43,-1.83,-4.21,0.05,-0.63,-0.34,0.29,-0.05,-1.89,-0.97,-1.31,-2.24,-1.76,-0.62,4.08,0.73
198412,2.11,2.3,2.8,0.99,2.79,2.03,2.85,2.68,0.3,1.41,3.29,2.37,2.35,1.68,2.61,3.08,2.35,2.95,1.84,-0.6,-0.17,0.64
198501,9.83,7.84,8.94,10.77,8.78,6.86,8.07,9.53,12.66,9.62,8.87,8.7,7.09,6.6,8.52,7.6,8.14,10.64,7.99,3.27,-5.43,0.65
198502,0.7,1.76,2.35,1.26,0.57,1.95,2.65,2,0.52,1.71,0.13,0.95,0.91,3.08,2.13,3.18,3.17,1.09,1.22,0.76,-0.12,0.58
198503,-1.03,0.24,-0.4,-1.1,-0.7,0.79,0.46,-0.96,-1.99,-0.54,-0.95,-0.49,0.53,1.06,0.05,0.87,0.42,-2.05,-0.84,-1.15,4.1,0.62
198504,-1.01,-0.07,-0.4,-1.6,-0.16,0.72,-0.55,-0.64,-3.7,-0.32,-0.4,0.03,0.02,1.46,-1.24,0.14,-0.18,-1.01,-0.96,0.14,3.73,0.72
198505,5.35,5.89,5.91,4.85,5.31,6.34,5.78,6.1,1.68,6.71,5.88,4.84,6.57,6.1,6.07,5.49,5.98,6.2,5.09,-2.25,-0.86,0.66
198506,1.5,2.01,1.52,1.07,1.7,2.77,1.74,1.27,-0.5,1.95,1.94,1.51,3.14,2.34,1.4,2.08,1.96,0.71,1.27,0.46,0.4,0.55
198507,0.49,-0.39,-0.38,1.24,-0.19,-0.62,-0.69,-0.03,1.9,0.79,-0.45,0.09,-1.31,-0.03,-0.27,-0.99,-1.68,1.22,-0.74,2.85,-1.63,0.62
198508,-0.51,-0.3,-0.65,-1.05,0.34,-0.65,-0.26,-0.84,-1.32,-0.87,0.18,0.51,-0.35,-0.9,-0.18,-0.31,-0.43,-1.14,-1.02,-0.34,2.28,0.55
198509,-5.04,-3.64,-3.54,-5.71,-4.57,-3.18,-3.28,-3.82,-6.67,-5.02,-4.22,-4.94,-3.54,-2.87,-3.63,-3.02,-3.61,-3.97,-4.54,-1.58,1.32,0.6
198510,4.48,4.49,4.9,4.28,5.06,4.55,4.2,5.08,5.12,3.69,4.72,5.43,4.46,4.63,3.69,4.57,6.32,4.15,4.02,-1.57,0.78,0.65
198511,7.17,7.29,6.9,7.42,6.09,8.34,5.53,8.07,8,7,6.87,5.25,7.99,8.64,6.63,4.75,7.54,8.47,6.48,0.23,-2.87,0.61
198512,3.92,4.68,4.89,3.33,4.32,5.33,3.45,5.8,2.12,4.19,4.62,3.98,4.89,5.7,3.84,3.16,4.26,6.96,3.88,-0.49,-1.53,0.65
198601,4.01,0.45,0.18,5.03,2.12,-0.79,0.49,0.73,5.25,4.88,2.79,1.37,-0.12,-1.33,2.43,-0.89,-0.17,1.38,0.65,1.22,0.53,0.56
198602,7.91,7.51,7.8,7.03,7.86,7.71,7.83,7.75,5.68,7.97,8.99,6.59,7.98,7.49,7.76,7.89,9.38,6.58,7.13,-0.65,-0.94,0.53
198603,4.68,5.06,6.32,5.67,3.9,4.61,6.56,6.19,6.99,4.77,3.5,4.35,4.45,4.74,6.5,6.6,6.71,5.8,4.88,-0.52,-0.44,0.6
198604,-3.64,-0.37,0.03,-4.43,-2.35,-0.34,-0.15,0.45,-3.48,-5.09,-2.67,-1.98,0.87,-1.34,0.71,-0.79,0.55,0.38,-1.31,2.84,-2.85,0.52
198605,4.05,4.88,6.03,3.48,4.71,5.13,5.86,5.61,2.79,3.97,4.73,4.67,5.35,4.93,4.53,6.87,6.75,4.78,4.62,-1.32,-0.11,0.49
198606,0.08,2.2,1.73,0.37,0.6,2.44,1.95,1.68,-1.14,1.45,-0.28,1.59,3.96,1.15,2.11,1.83,2.85,0.83,1.03,-0.91,1.4,0.52
198607,-5.86,-4.71,-6.83,-6.95,-5.25,-4.26,-4.95,-7.53,-10.63,-4.35,-4.45,-6.17,-4.48,-4.13,-4.56,-5.26,-6.97,-8.36,-6.45,-3.38,4.78,0.52
198608,7.46,6.99,6.1,6.86,7.98,6.84,7.09,5.54,5.58,7.71,8.22,7.69,6.2,7.21,6.81,7.32,5.64,5.39,6.07,-4.17,3.52,0.46
198609,-8.2,-8.36,-8.05,-8.39,-7.53,-8.06,-8.95,-7.86,-8.22,-8.5,-7.96,-7.04,-7.05,-8.64,-9.58,-8.44,-6.97,-9.23,-8.6,2.28,3.19,0.45
198610,5.1,6.03,4.69,3.56,6.48,5.61,5.58,4.72,3.01,3.92,7.06,5.81,5.84,5.47,6.81,4.61,3.21,7.08,4.66,-2.48,-1.32,0.46
198611,0.42,2.08,1.92,-0.09,1.61,2.49,1.77,1.83,-1.46,0.8,1.05,2.26,0.75,3.51,1.36,2.11,1.92,1.69,1.17,-1.92,-0.06,0.39
198612,-3.2,-2.57,-2.76,-2.88,-3.2,-2.41,-2.62,-2.86,-2.95,-2.84,-3.59,-2.74,-3.96,-1.53,-2.73,-2.52,-3.26,-2.27,-3.27,0.08,0.37,0.49
198701,12.83,12.21,13.24,11.73,13.6,12.94,12.36,13.02,10.68,12.39,14.2,12.92,12.56,13.16,10.69,13.71,12.34,14.02,12.47,-1.81,-3.18,0.42
198702,6.32,3.79,4.79,8.31,3.94,4.28,3.38,5.27,11.55,6.28,3.91,3.98,5.78,3.46,2.89,3.76,5.11,5.51,4.39,3.49,-5.99,0.43
198703,0.53,1.3,3.4,-0.58,2.05,1.15,2.38,3.39,0.33,-1.17,1.94,2.19,0.15,1.69,1.04,3.42,4.08,2.39,1.64,0.37,1.66,0.47
198704,-1.52,-2.35,-1.13,-2.42,-1.41,-2.3,-1.35,-1.35,-2.68,-2.24,-0.41,-2.61,-2.66,-2.11,-2.29,-0.65,-1.11,-1.7,-2.11,-1.69,-0.33,0.44
198705,-0.42,1.06,0.68,-0.29,-0.21,1.62,0.35,0.93,1.31,-1.36,-0.58,0.24,0.55,2.19,0.63,0.14,1.02,0.8,0.11,-0.53,0.13,0.38
198706,3.19,4.66,5.12,2.68,4.12,3.62,5.76,5.07,-0.15,4.63,3.82,4.48,3.09,3.9,6.47,5.24,5.44,4.53,3.94,-2.18,1.07,0.48
198707,5.34,3.21,5.01,6.32,3.99,3.46,4.09,4.78,5.76,6.66,4.34,3.63,2.73,3.94,2.53,5.39,4.16,5.58,3.85,-0.67,0.66,0.46
198708,2.89,3.85,4.67,2.5,2.99,4.4,4.06,4.8,0.18,3.92,3.29,2.69,3.72,4.85,3.58,4.45,4.62,5.04,3.52,-0.72,-0.9,0.47
198709,-1.05,-2.21,-2.5,-0.31,-1.9,-1.59,-2.11,-3.37,0.32,-0.68,-1.82,-1.99,-1.25,-1.82,-3.4,-1.07,-2.8,-4.11,-2.59,0.52,0.28,0.45
198710,-25.67,-20.8,-22.62,-28.47,-21.97,-21.09,-20.24,-24,-32.3,-26.2,-22.66,-21.29,-22.58,-20.09,-20.01,-20.43,-23.46,-24.71,-23.24,-8.43,4.23,0.6
198711,-5.6,-7.33,-8.37,-5.36,-5.95,-7.76,-8.06,-8.17,-4.74,-5.7,-5.83,-6.07,-5.56,-9.17,-7.31,-8.67,-7.43,-9.16,-7.77,2.77,3.14,0.35
198712,5.65,7.1,7.98,6.2,5.99,7.79,6.61,8.58,6.36,6.12,5.11,6.85,8.29,7.46,6.05,7.06,8.4,8.83,6.81,0.13,-4.49,0.39
198801,4.52,5.06,4.06,3.72,5.34,4.69,4.59,4.21,3.13,4.04,5.33,5.36,4.01,5.14,5.54,3.83,4.23,4.18,4.21,-0.77,5.08,0.29
198802,4.7,4.72,5.56,6.12,3.9,4.66,5.13,5.75,7.79,5.2,3.32,4.47,4.91,4.5,4.97,5.26,5.56,6.01,4.75,3.36,-1.65,0.46
198803,-0.74,-2.04,-2.4,0.41,-0.94,-2.12,-3.35,-1.67,3.67,-1.42,-1.93,0,-1.33,-2.63,-3.11,-3.54,-1.33,-2.12,-2.27,6.16,0.74,0.44
198804,0.56,1.81,0.28,1.68,0.16,2.37,0.97,0.05,3.03,0.87,-0.62,0.89,1.94,2.65,1.35,0.67,0.15,-0.1,0.56,0.96,1.69,0.46
198805,0.44,0.52,0.23,-0.41,0.95,0.39,0.74,-0.09,-1.46,0.22,1.35,0.57,-0.44,0.94,0.74,0.74,0.22,-0.51,-0.29,-2.64,2.3,0.51
198806,4.72,4.87,5.64,4.6,4.31,4.35,5.89,5.76,5.13,4.29,4.86,3.8,5.17,3.81,6.45,5.43,6.06,5.36,4.79,2.16,-1.07,0.49
198807,-0.36,-0.62,-1.04,-0.19,-0.14,-0.86,-1.13,-0.8,0.12,-0.36,-0.62,0.29,0.16,-1.74,-0.64,-1.51,-1.32,-0.09,-1.25,-0.21,2.27,0.51
198808,-1.61,-2.87,-2.94,-2.12,-0.96,-3.5,-3.3,-2.46,-3.7,-1.22,-0.86,-1.06,-2.84,-4.09,-2.61,-3.84,-2,-3.07,-3.31,0.04,2.03,0.59
198809,2.88,3.16,5.25,1.96,4.29,2.33,4.56,5.45,2.3,1.78,4.2,4.38,0.94,3.56,4.17,4.87,6.16,4.5,3.3,-1.25,-0.68,0.62
198810,-0.01,2.26,2.26,-0.59,1.5,2.78,1.78,2.3,-1.63,0,0.81,2.11,2.47,3.04,1.27,2.18,4.1,-0.15,1.15,-2.9,1.71,0.61
198811,-1.86,-1.47,-1.83,-1.38,-2.13,-1.92,-1.25,-1.76,-2.07,-0.99,-2.54,-1.76,-1.22,-2.52,-0.33,-1.96,-1.36,-2.33,-2.29,-1.74,1.24,0.57
198812,1.63,2.08,2.38,1.41,2.34,2.2,1.73,2.62,3.5,0.26,1.94,2.69,1.58,2.75,1.47,1.92,1.93,3.57,1.49,1.95,-1.55,0.63
198901,6.83,6.27,6.92,7.37,5.5,6.59,7.29,6.35,7.66,7.22,6.05,5.03,6.58,6.6,6.36,8.02,6.62,5.98,6.1,-2.14,0.51,0.55
198902,-0.44,-2.16,-1.8,-0.79,-0.92,-2.69,-1.62,-1.75,0.19,-1.33,0.08,-1.78,-2.61,-2.76,-1.28,-1.88,-2.08,-1.31,-2.25,2.76,0.87,0.61
198903,2.66,1.37,3.03,3.13,2.41,0.2,3,3.01,4.33,2.45,1.97,2.79,1.49,-0.91,2.92,3.06,2.91,3.13,1.57,0.74,0.46,0.67
198904,4.98,4.8,5.48,5.27,4.45,4.38,6.25,4.92,6.35,4.65,4.56,4.35,2.65,5.9,5.87,6.54,4.81,5.06,4.33,-0.59,-1.45,0.67
198905,4.19,3.95,4.38,4.12,4.25,2.76,4.82,4.69,4.76,3.75,4.29,4.22,2.85,2.68,6.11,3.82,4.4,5.06,3.35,-0.04,-0.82,0.79
198906,-1.04,0.01,-1.05,-0.54,-0.2,0.39,-1.32,-0.93,-1.39,-0.02,-1.79,1.19,0.37,0.4,-1.39,-1.27,-0.79,-1.12,-1.35,-1.01,2.19,0.71
198907,5.59,7.64,9.1,5.9,6.2,7.29,7.99,9.8,3.63,7,5.12,7.21,7.75,7.07,8.42,7.54,8.42,11.32,7.2,-4.02,-2.84,0.7
198908,2.6,1.88,2.23,2.47,2.15,1.47,2.69,2.02,2.48,2.47,2.8,1.56,1.32,1.54,2.7,2.68,2.58,1.44,1.44,0.5,0.72,0.74
198909,-0.51,-0.58,0.65,-0.81,0.15,-0.98,-0.1,0.86,-0.64,-0.89,-0.08,0.36,-0.45,-1.24,-0.35,0.17,-0.59,2.43,-0.76,0.28,-1.34,0.65
198910,-3.36,-2.36,-3.1,-3.56,-2.4,-1.94,-3.6,-2.74,-4.93,-2.91,-3.07,-1.78,-0.76,-2.53,-3.32,-3.91,-2.43,-3.06,-3.67,-3.3,-1.03,0.68
198911,2.2,2.41,0.88,2.1,2.61,2.84,1.48,0.62,2.14,2.09,2.35,2.85,2.73,2.9,1.49,1.47,1.06,0.16,1.03,-1.24,-1.12,0.69
198912,1.2,2.96,1.04,0.16,1.92,2.68,3.05,0.72,-0.63,0.52,2.74,1.19,2.31,2.86,4.25,1.77,0.81,0.62,1.16,-2.41,0.28,0.61
199001,-7.09,-6.89,-7.5,-6.85,-7.49,-5.99,-7.63,-7.66,-8.66,-6.05,-7.44,-7.55,-5.76,-6.1,-8.08,-7.14,-6.81,-8.56,-7.85,-1.29,0.87,0.57
199002,1.92,1.65,1.46,2.33,2.24,1.9,0.88,1.59,2.15,2.4,1.33,3.08,1.02,2.34,0.61,1.17,2.05,1.1,1.11,1.03,0.61,0.57
199003,1.16,2.21,3.27,1.15,0.42,2.34,2.94,3.51,1.3,1.09,1.17,-0.26,1.58,2.72,3.13,2.73,3.26,3.78,1.83,1.52,-2.9,0.64
199004,-4.52,-2.9,-1.74,-4.44,-4.69,-2.22,-3.12,-1.16,-4.65,-4.35,-4.64,-4.74,-4.41,-1.14,-3.24,-3,-1.49,-0.81,-3.36,-0.5,-2.55,0.69
199005,8,8.6,10.03,7.78,8.5,8.65,9.42,9.87,8.51,7.47,8.33,8.65,7.81,9.05,8.5,10.41,10.22,9.48,8.42,-2.57,-3.74,0.68
199006,0.56,-1.28,0.02,-0.24,-0.04,-0.82,-1.47,0.48,0.04,-0.36,1.74,-1.64,-0.43,-1.01,-1.91,-1,0.19,0.8,-1.09,1.43,-1.94,0.63
199007,-1.85,-0.15,-1.82,-3.29,-0.06,0.45,-1.11,-2.06,-4.67,-2.53,0.18,-0.26,1.74,-0.24,-0.83,-1.39,-3.13,-1.08,-1.9,-3.21,-0.01,0.68
199008,-10.39,-8.79,-9.74,-11.49,-8.87,-8.65,-9.68,-9.36,-14.3,-9.97,-8.88,-8.87,-8.9,-8.51,-8.92,-10.45,-8.85,-9.8,-10.15,-3.58,1.58,0.66
199009,-7.31,-3.96,-6.15,-8.04,-6.22,-3.68,-5.1,-5.74,-7.89,-8.12,-6.35,-6.11,-4.37,-3.31,-3.31,-6.92,-6.26,-5.28,-6.12,-3.67,0.73,0.6
199010,-3.94,-1.03,-0.1,-4.85,-1.45,-0.51,-1.61,0.49,-5.5,-4.52,-2.75,-0.36,0.23,-0.91,-1.97,-1.23,-0.34,1.23,-1.92,-5.5,0.22,0.68
199011,7.86,6.29,7.17,8.94,6.58,6.08,6.99,6.94,11.35,7.71,6.49,6.66,7.21,5.46,6.4,7.62,6.83,7.05,6.35,0.33,-3.16,0.57
199012,2.1,2.45,3.9,2.16,2.21,2.93,2.3,4.49,4.05,1.17,2.02,2.36,2.41,3.22,1.87,2.75,4.25,4.7,2.46,0.79,-1.54,0.6
199101,5.28,4.27,6,6.68,3.14,3.78,5.26,6.52,6.07,7.01,3.44,2.9,3.9,3.72,5.51,5,7.12,5.98,4.69,3.79,-1.84,0.52
199102,8.46,6.47,8.33,9.48,7.22,6.36,6.98,8.63,11.46,8.41,7.09,7.33,7.36,5.81,6.24,7.75,7.27,9.84,7.19,3.96,-0.54,0.48
199103,4.24,1.98,3.78,5.46,1.74,3.11,1.87,4.26,8.47,3.79,2.53,1.1,2.57,3.41,0.96,2.82,4.62,3.94,2.65,3.89,-1.23,0.44
199104,0.35,-0.02,0.48,-0.03,0.09,0.52,-0.04,0.53,0.52,-0.35,0.9,-0.58,1.3,0.09,-0.47,0.39,0.2,0.82,-0.28,0.5,1.42,0.53
199105,2.89,3.31,5.1,3.24,2.68,3.11,5.22,4.34,2.65,3.59,2.39,2.93,4.7,2.21,3.75,6.68,3.18,5.34,3.65,-0.34,-0.57,0.47
199106,-5.65,-4.37,-4.28,-6.22,-5.11,-3.72,-4.78,-4.04,-6.54,-6.03,-4.84,-5.33,-3.62,-3.78,-4.79,-4.77,-4.09,-4,-4.94,0.07,1.21,0.42
199107,3.68,3.89,5.57,3.76,4.21,3.75,4.02,6.23,3.52,3.87,3.57,4.82,4.61,3.15,3.69,4.28,5.56,6.84,4.24,-0.93,-1.25,0.49
199108,2.44,1.38,3.9,2.27,2.76,0.89,2.54,4.16,3.46,1.74,2.66,2.86,1.15,0.7,1.45,3.39,4.14,4.19,2.32,1.59,-0.78,0.46
199109,0.31,-0.5,-2.01,0.5,0.46,-0.22,-1.82,-1.98,3.39,-0.81,0.05,0.84,-0.4,-0.08,-1.47,-2.08,-2.47,-1.55,-1.59,1.63,-1,0.46
199110,3.07,1.28,1.56,3.73,2.65,1.3,1.11,1.54,6.1,2.6,2.23,3.05,0.68,1.75,0.48,1.6,1.4,1.67,1.29,0.9,-0.43,0.42
199111,-4.02,-4.41,-3.03,-4.08,-3.17,-4.62,-5.16,-1.91,-6.47,-2.9,-3.94,-2.45,-4.4,-4.77,-5,-5.28,-3.64,-0.42,-4.19,-0.48,-1.93,0.39
199112,8.04,10.05,12.75,9.24,8.74,9.43,10.25,14.06,9.6,9.07,6.44,10.86,12.24,7.44,10.57,10.01,13.07,14.9,10.84,-2.24,-4.03,0.38
199201,2.06,-0.73,-0.98,2.99,-0.58,-0.59,0.15,-1.72,7.24,1,0.79,-1.78,-0.89,-0.36,-0.45,0.6,-0.72,-2.54,-0.59,8.47,4.51,0.34
199202,2.28,1.73,0.77,1.24,1.55,2.6,0.78,1,-1.14,2.42,3.72,-0.42,3.72,1.78,1.47,0.28,0.63,1.31,1.09,0.88,6.37,0.28
199203,-2.51,-2.01,-2.31,-2.96,-1.41,-2.01,-2.26,-2.42,-4.05,-2.44,-1.89,-0.96,-0.92,-2.84,-2.49,-2.08,-1.2,-3.43,-2.66,-1.03,3.65,0.34
199204,-0.68,3.06,1.32,-2.37,1.07,3.63,3.81,-0.02,-5.85,-0.71,1.61,0.58,1.81,5.03,3.36,4.14,0.45,-0.42,1.07,-6.12,4.31,0.32
199205,0.58,0.58,0.68,0.65,1.22,0.63,-0.02,1,-0.08,0.97,0.5,1.9,0.7,0.57,-0.08,0.03,1.13,0.9,0.3,0.39,1.28,0.28
199206,-2.93,-0.33,-2.92,-3.18,-1.33,-0.75,-1.81,-2.73,-4.27,-2.69,-2.61,-0.16,-1.59,-0.13,0.21,-3.3,-1.68,-3.63,-2.34,-3.09,3.4,0.32
199207,2.75,4.07,4.54,2.91,3.3,4.38,4.39,4.37,3.63,2.55,2.55,3.87,4.77,4.12,3.71,4.98,4.09,4.62,3.77,-0.44,-0.53,0.31
199208,-5.06,-2.03,-1.34,-5.32,-3.89,-1.56,-1.8,-1.22,-7.46,-4.21,-4.73,-3.24,-1.67,-1.48,-1.96,-1.66,-1.37,-1.09,-2.38,-0.12,-1.03,0.26
199209,0.99,1.25,1.46,1.48,0.66,1.35,2.01,1.02,2.02,1.21,0.37,0.88,1.75,1.1,1.32,2.61,2.43,-0.23,1.19,0.56,-0.21,0.26
199210,1.44,-0.29,2.19,1.54,-0.59,-0.18,1.12,2.46,3.13,0.73,1.32,-2.02,0.76,-0.8,0.68,1.49,3.14,1.84,1.02,2.05,-2.1,0.23
199211,6.31,3.04,4.58,7.42,3.84,2.28,4.54,4.51,8.45,6.89,4.87,3.05,2.09,2.41,4.25,4.77,4.84,4.21,4.13,3.7,-1.48,0.23
199212,3.23,1.41,1.62,3.64,0.23,2.35,2.77,0.89,4.52,3.17,2.68,-1.69,3.13,1.84,1.89,3.51,2.35,-0.46,1.53,1.64,2.52,0.28
199301,3.77,1.26,0.05,3.84,2.87,1.56,0.9,-0.51,3.43,4.06,3.68,2.21,2.59,0.87,0.19,1.48,0.62,-1.58,0.93,2.03,5.87,0.23
199302,0.33,2.11,-0.65,-0.36,2.06,2.23,1.54,-1.53,-3.51,1.3,1.26,2.72,2.81,1.85,1.54,1.55,0.26,-3.27,0.12,-3.43,6.42,0.22
199303,3.67,2.83,1.83,3.36,2.65,3.15,2.9,1.48,2.89,3.59,4.09,1.48,2.83,3.37,3.15,2.69,1.63,1.34,2.3,0.23,1.22,0.25
199304,0.29,-1.4,-4.81,1.04,-1.32,-0.96,-2.9,-5.24,0.99,1.07,-0.71,-1.82,-2.31,-0.03,-1.84,-3.76,-5.55,-4.93,-3.05,-0.7,2.61,0.24
199305,3.49,2.46,3.48,4.48,2.37,2.6,2.75,3.59,7.59,2.92,2.15,2.56,1.36,3.43,2.18,3.22,4.08,3.1,2.89,1.96,-3.41,0.22
199306,1.99,0.33,0.19,1.42,1.3,0.27,1.3,-0.52,1.51,1.37,2.8,0.04,1.04,-0.24,0.62,1.87,-0.8,-0.23,0.31,-0.31,2.62,0.25
199307,2.03,0.96,-2.01,1.92,1.66,1.38,-1.02,-2.17,0.89,3.05,2.18,1.17,1.34,1.42,-0.05,-1.68,-1.33,-3.02,-0.34,0.93,3.25,0.24
199308,5.16,3.43,3.63,5.43,4.45,2.58,4.64,3.14,6.37,4.44,4.78,4.13,2.55,2.61,4.67,4.63,3.44,2.84,3.71,0.31,-0.45,0.25
199309,-0.49,0.25,0.1,-0.05,-0.12,0.19,0,0.13,-0.14,0.05,-1.1,0.82,0.54,-0.06,-0.07,0.05,-0.74,1,-0.12,3.11,-0.44,0.26
199310,1.5,1.35,1.78,2.58,0.2,0.83,2.11,1.96,3.97,1.07,-0.03,0.41,0.34,1.2,3.11,1.42,1.38,2.54,1.41,1.46,-1.54,0.22
199311,-2.91,-1.86,-0.6,-3.76,-1.76,-2.19,-1.1,-0.4,-4.16,-3.31,-1.68,-1.84,-2.28,-2.12,-1.22,-1.01,-0.17,-0.62,-1.89,-1.42,-0.27,0.25
199312,1.6,2.8,1.02,0.98,2.34,3.18,1.1,1.45,-0.14,2.22,2.47,2.22,3.65,2.84,2.47,0.13,0.49,2.4,1.65,1.23,0.56,0.23
199401,4.75,3.09,2.45,4.14,5.11,3.3,2.24,2.31,4.39,3.87,5.61,4.62,3.05,3.49,1.58,2.73,2.89,1.75,2.87,0.14,2.1,0.25
199402,-3.99,-2.4,-1.72,-4.29,-3.15,-2.2,-1.35,-2.34,-4.76,-3.79,-3.59,-2.72,-1.87,-2.44,-2.6,-0.46,-2.38,-2.3,-2.55,2.74,-1.46,0.21
199403,-5.09,-4.1,-4.38,-5.3,-4,-4.72,-4.09,-4.31,-5.37,-5.23,-4.79,-3.24,-5.05,-4.48,-3.47,-4.52,-4.41,-4.21,-4.78,-0.98,1.29,0.27
199404,0.21,1.21,1.3,-0.33,1.85,0.98,0.24,1.96,-2.17,1.6,0.95,2.71,0.84,1.08,0.6,-0.02,1.85,2.06,0.68,-0.92,1.67,0.27
199405,0.07,0.38,1.91,0.3,0.36,-0.33,1.53,2.05,0.1,0.49,-0.23,0.91,-1.52,0.56,1.41,1.62,3.43,0.72,0.58,-2.01,0.2,0.31
199406,-3.48,-2.33,-2.71,-3.58,-3.02,-2.58,-2.12,-2.8,-4.05,-3.09,-3.35,-2.71,-3.19,-2.14,-1.57,-2.51,-3.37,-2.23,-3.03,-0.45,1.69,0.31
199407,4.05,3.36,2.66,4.21,3.36,3.22,3.03,2.74,2.92,5.27,3.79,3.02,2.37,3.75,3.73,2.47,2.89,2.57,2.82,-1.72,0.62,0.28
199408,4.35,4.02,4.69,4.95,4.05,4.21,3.45,5.25,5.49,4.5,3.41,4.55,5.69,3.31,3.46,3.44,3.54,7.2,4.01,1.34,-2.8,0.37
199409,-1.8,-2.25,-1.92,-1.78,-1.18,-2.5,-2.86,-1.49,-1.55,-1.97,-1.83,-0.69,-2.25,-2.65,-2.82,-2.89,-2.45,-0.46,-2.31,2.83,-1.91,0.37
199410,1.07,2.02,1.92,0.18,1.85,2.25,1.63,2.22,-0.68,0.89,2.56,1.32,2.7,1.97,2.13,1.22,2.05,2.4,1.34,-2.35,-1.74,0.38
199411,-4.18,-3.89,-3.11,-4.27,-4.24,-3.4,-3.74,-3.02,-4.99,-3.67,-4.03,-4.4,-3.99,-3.04,-4.27,-3.3,-3.5,-2.52,-4.04,0.26,-0.94,0.37
199412,1.22,2.05,0.79,0.6,2.85,1.19,1.42,0.9,-0.24,1.27,2.23,3.32,0.92,1.36,2.49,0.54,1.07,0.73,0.86,0.04,0.54,0.44
199501,1.82,1.02,3.34,1.78,0.72,0.78,2.74,3.34,0.21,3.02,1.88,-0.15,0.09,1.2,2.03,3.33,3.66,3.01,1.8,-2.64,0.81,0.42
199502,3.13,4.6,3.8,3.53,3.61,4.4,4.4,3.74,3.74,3.37,2.5,4.45,3.63,4.86,4.94,3.95,3.38,4.11,3.63,-0.67,1.09,0.4
199503,2.54,2.75,2.59,2.35,3.6,2.53,2.44,2.57,1.74,2.82,2.84,4.17,1.71,3,2.2,2.64,2.46,2.69,2.19,-0.69,-1.09,0.46
199504,1.92,2.52,2.84,1.9,2.77,2.26,1.78,3.5,1.23,2.4,1.95,3.37,1.34,2.78,2.35,1.31,2.86,4.17,2.11,-0.63,2.27,0.44
199505,2.78,3.28,3.94,2.45,2.68,3.52,4.07,3.72,1.92,2.86,3.29,2.23,3.1,3.77,3.58,4.48,2.5,4.99,2.9,-2.21,1.72,0.54
199506,3.77,2.44,3.31,4.99,2.83,2.76,1.85,3.75,6.67,3.74,1.82,3.57,3.97,2.09,1.33,2.28,3.74,3.76,2.72,2.93,-2.28,0.47
199507,4.67,4.37,3.8,5.22,3.96,5.05,3.81,3.7,5.91,4.41,3.85,4.07,5.17,4.9,3.47,4.03,3.81,3.58,3.72,2.09,-1.67,0.45
199508,2.78,0.18,0.98,3.42,1.06,-0.6,0.22,1.71,3.8,2.96,1.81,0.3,-1.4,0.34,1.38,-0.52,1.95,1.46,0.55,1.59,2.71,0.47
199509,2.38,2.84,5.02,2.58,2.62,1.9,4.22,5.38,3.55,1.4,2.08,3.18,1.26,2.64,4.16,4.26,6.11,4.62,3.35,-2.11,-0.75,0.43
199510,-3.12,-1.88,0.15,-3.33,-3,-1.96,-1.18,0.84,-3.1,-3.62,-2.79,-3.22,-1.55,-2.42,-1,-1.3,0.14,1.58,-1.52,-3.75,-0.73,0.47
199511,5.24,4.64,3.94,4.79,6.57,4.19,4.84,3.25,3.99,5.79,5.93,7.24,4.3,4.06,3.92,5.42,3.1,3.41,3.96,-1.16,0.94,0.42
199512,2,2.06,1.03,1.43,2.52,1.55,2.2,0.65,2.23,0.43,2.89,2.14,2.15,0.85,2.8,1.82,1.3,-0.02,1.03,0.58,0.87,0.49
199601,2.26,2.79,2.89,2.14,2.07,2.91,2.53,3.27,1.88,2.48,2.45,1.7,2.69,3.17,3.21,2.1,2.87,3.69,2.26,-2.62,0.31,0.43
199602,2,2.25,1.42,1.97,2.48,2.26,1.09,1.82,3.02,0.64,2.05,2.91,2.84,1.55,1.88,0.59,0.03,3.69,1.33,1.89,-1.42,0.39
199603,0.54,1.96,0.78,-0.23,2.5,1.47,2.03,0.16,-1.65,1.59,1.72,3.27,1.47,1.48,1.95,2.08,0.74,-0.42,0.73,1.31,1.01,0.39
199604,2.91,1.78,2.46,3.41,2.38,1.13,1.45,3.2,3.73,3.02,2.15,2.62,1.53,0.64,2.29,0.91,3.17,3.24,2.06,4.91,-3.91,0.46
199605,2.17,1.88,3.49,2.49,2.23,1.68,2.77,3.49,2.59,2.37,1.68,2.78,1.7,1.66,1.66,3.5,2.6,4.39,2.36,3.05,-1.2,0.42
199606,-3.36,-0.93,0.55,-3.95,-1.51,-1.03,-0.45,0.86,-5.38,-2.15,-2.45,-0.57,-1.55,-0.37,-0.99,-0.1,0.38,1.34,-1.14,-3.58,1.56,0.4
199607,-8.43,-5.38,-4.44,-9.51,-6.78,-5.28,-4.59,-4.39,-12.62,-6.84,-6.1,-7.48,-5.58,-5.07,-4.61,-4.56,-4.33,-4.45,-5.97,-3.83,4.45,0.45
199608,4.21,3.54,2.44,4.37,4.3,3.48,3.51,1.84,4.62,4.17,3.88,4.74,3.99,3.14,3.12,3.8,3.58,0.25,2.77,2.3,-0.46,0.41
199609,3.7,4.74,6.3,3.72,3.63,4.35,6.32,6.13,3.71,3.73,3.65,3.61,4.18,4.46,5.8,6.7,5.26,6.95,5.01,-0.88,-3.15,0.44
199610,0.14,1.83,1.81,-1.63,2.52,2.41,2.05,1.44,-3.55,-0.08,3.87,1.14,1.52,3,1.26,2.62,-0.01,2.78,0.86,-4.44,5.13,0.42
199611,4.72,5.57,8.36,4.58,4.92,5.43,7.62,8.18,2.67,6.07,4.98,4.85,5.01,5.7,6.08,8.73,9.22,7.24,6.25,-3.89,1.17,0.41
199612,-0.71,-0.99,-1.65,-0.32,-0.95,-0.21,-2.28,-1.39,-0.72,-0.02,-1.5,-0.38,0.36,-0.57,-2.36,-2.22,-1.78,-1.04,-1.7,3.19,0.88,0.46
199701,4.07,4.04,6.94,3.21,4.65,3.5,6.29,6.86,3.67,2.89,5.81,3.45,4.29,3,5.11,7.13,5.13,8.45,4.98,-1.84,-1.64,0.45
199702,-1.35,0.15,0.46,-1.59,-0.41,-0.12,0.78,0.25,-1.56,-1.61,-0.89,0.1,0.3,-0.39,0.58,0.92,0.7,-0.15,-0.49,-2.91,5.2,0.39
199703,-4.78,-2.82,-5.45,-5.3,-4.01,-2.02,-4.51,-5.53,-7.26,-3.88,-3.78,-4.25,-2.28,-1.85,-3.39,-5.29,-4.49,-6.47,-5.02,-0.38,3.81,0.43
199704,1.05,3.14,6.86,-0.06,2.03,3.33,6.15,6.44,-3.32,2.21,3.21,0.79,2.22,4.02,3.84,7.79,5.74,7.09,4.04,-5.65,-0.06,0.43
199705,9.46,6.56,6.59,10.18,7.74,6.48,6.02,6.97,11.15,9.54,8.11,7.33,7.18,6.05,6.36,5.79,7.02,6.92,6.74,4.9,-3.89,0.49
199706,4.09,4.08,4.55,3.91,4.88,3.22,5.49,3.89,3.51,4.17,4.43,5.37,3.91,2.78,4.78,5.97,4.91,2.95,4.1,1.32,1.23,0.37
199707,7.4,8.44,7.4,7.54,7.24,7.59,8.26,7.57,5.75,9.08,7.1,7.42,8.02,7.28,10.04,7.02,8.09,6.91,7.33,-2.8,0.82,0.43
199708,-1.66,-2.64,-5.28,-1.01,-1.29,-2.52,-5.12,-5.04,0.24,-2.04,-2.98,1,-2.13,-2.81,-4.11,-5.84,-5.04,-5.03,-4.15,7.31,1.38,0.41
199709,7.27,5.44,5.47,7.3,6.87,5.24,6.23,4.87,8.2,6.53,7.22,6.41,5.96,4.72,5.36,6.85,5.02,4.69,5.35,2.61,0.01,0.44
199710,-4.39,-3.39,-2.97,-5.03,-3.84,-3.21,-3.62,-2.52,-5,-5.05,-3.08,-4.84,-3.13,-3.27,-3.08,-4.01,-2.03,-3.13,-3.8,-0.68,1.95,0.42
199711,0.04,2.41,5.44,-0.37,0.42,2.57,4.35,5.54,-1.87,0.93,0.88,-0.21,1.96,3.02,3.16,5.2,5.41,5.71,2.98,-4.95,0.78,0.39
199712,1.02,2.6,1.59,0.2,2.68,2.95,2.69,0.92,-1.04,1.26,2.65,2.73,4.46,1.86,2.05,3.13,1.08,0.72,1.32,-2.35,3.45,0.48
199801,1.12,-1.75,1.99,1.63,-0.87,-2.54,0.52,2.35,1.38,1.84,0.13,-2.24,-2.42,-2.62,-0.43,1.18,2.38,2.3,0.15,-1.16,-1.45,0.43
199802,8.43,7.99,6.74,8.9,8.02,7.82,6.72,7.12,8.12,9.55,7.5,8.74,7.07,8.37,7.98,5.86,8.74,5.04,7.04,0.01,-0.13,0.39
199803,6.27,4.11,5.31,7.22,3.6,5.23,3.7,5.82,6.86,7.52,4.34,2.61,4.32,5.89,3.09,4.13,6.17,5.35,4.76,-0.93,1.05,0.39
199804,2.99,1.37,0.62,3.33,1.64,1.38,1.39,0.35,1.85,4.53,2.29,0.75,0.57,1.95,1.58,1.26,1.45,-1.11,0.73,0.21,0.73,0.43
199805,-4.29,-1.87,-2.1,-4.54,-3.2,-0.89,-2.87,-1.84,-5.09,-4.1,-3.77,-2.4,-1.53,-0.42,-3.11,-2.71,-1.67,-2.07,-3.07,-3.75,4.16,0.4
199806,4.56,1.41,4.79,4.69,1.55,1.63,3.41,5.07,2.15,6.56,4.29,-2.19,1.48,1.75,2.35,4.13,5.14,4.98,3.18,-3.16,-2.33,0.41
199807,-4.4,-2.73,-0.91,-4.5,-3.6,-3.19,-1.92,-0.46,-3.3,-6.26,-4.18,-3.12,-3.59,-2.75,-1.91,-1.93,-1.32,0.41,-2.46,-5.12,-0.96,0.4
199808,-19.5,-15.05,-14.53,-20.18,-16.28,-13.46,-15.13,-14.86,-23.08,-15.75,-17.84,-15.03,-12.35,-14.7,-17.15,-13.79,-16.36,-13.39,-16.08,-5.31,3.4,0.43
199809,7.57,5.57,6.75,9.1,5.82,5.53,4.43,7.86,11.94,5.15,3.86,7.43,3.66,7.68,4.75,4.22,6.85,8.82,6.15,-0.14,-3.31,0.46
199810,6.42,7.63,7.7,6.42,5.75,7.33,8.23,7.75,7.2,5.26,6.42,5.23,9.44,4.98,9.19,7.6,8.95,6.61,7.13,-3.29,-2.21,0.32
199811,7.29,5.65,6.77,8.09,5.44,6.22,4.53,7.83,10.15,5,5.24,5.6,6.61,5.75,4.93,4.26,7.62,8.04,6.1,1.07,-3.15,0.31
199812,8.12,4.85,6.88,9.9,5.06,5.29,6.15,6.48,13.02,4.77,3.48,6.4,5.56,4.96,3.61,7.87,6.65,6.33,6.16,-0.35,-4.46,0.38
199901,4.88,1.51,4.35,6.67,0.48,1.13,2.11,5.31,10.82,-0.99,-0.05,0.91,-0.19,2.65,2.27,2,3.11,7.43,3.5,0.37,-4.03,0.35
199902,-2.11,-3.59,-4.24,-2.94,-2.29,-3.13,-3.31,-4.73,-1.6,-5.72,0.35,-4.44,-2.3,-4.06,-3.81,-2.98,-1.78,-7.46,-4.08,-5.67,1.4,0.35
199903,7.9,3.7,2.42,9.32,3.32,3.84,4.04,1.72,12.11,3.4,3.87,2.84,2.99,4.8,3.9,4.13,2.02,1.43,3.45,-3.92,-2.65,0.43
199904,6.4,6,2.88,7.03,4.41,4.9,6.06,2.13,6.6,8.04,4.52,4.31,4.76,5.06,8.13,4.71,3.02,1.23,4.33,4,2.53,0.37
199905,-1.86,-0.84,-2.16,-2.86,2.59,-1.99,-1.52,-2.38,-4.75,1.41,1.19,3.79,-2.24,-1.71,-1.33,-1.65,-2.02,-2.75,-2.46,3.42,2.4,0.34
199906,3.24,4.69,6.02,3.14,3.35,4.72,5.22,6.35,2.15,5.25,3.51,3.2,5,4.41,5.23,5.22,5.55,7.17,4.77,3.05,-3.6,0.4
199907,-2.84,-2.89,-3.26,-3.14,-1.33,-3.64,-3.28,-3.16,-3.44,-2.65,-1.78,-1.1,-2.85,-4.32,-2.91,-3.6,-3.12,-3.22,-3.49,2.67,-0.76,0.38
199908,-1.25,-2.58,0.18,-1,-1.25,-2.62,-2.35,0.53,-0.84,-1.26,-2.15,-0.78,-4.67,-0.83,-3.74,-1.1,1.01,-0.16,-1.38,-1.27,-1.31,0.39
199909,-1.65,-2.33,-2.93,-0.9,-4.39,-1.28,-1.24,-3.69,-0.65,-1.31,-4.35,-4.41,-3.42,0.51,-2.52,-0.11,-2.66,-5.2,-2.79,3.34,-3.39,0.39
199910,6.48,6.16,6.54,6.89,3.46,8.69,6.63,6.01,9.91,1.93,4.96,2.69,8.77,8.62,4.54,8.42,7,4.56,6.12,-6.95,-2.89,0.39
199911,5.39,2.65,2.46,6.41,4.56,0.16,1.73,3.31,6.79,5.75,1.44,6.14,-1.18,1.23,4.41,-0.49,3.5,3.02,3.37,7.37,-6.51,0.36
199912,13.09,7.41,5.21,14.79,7,8.32,6.73,4.61,14.43,15.44,6.16,7.46,6.21,9.97,5.96,7.4,6.15,2.29,7.72,7.12,-8.73,0.44
200001,-2.1,-4.07,-5.39,-1.75,-3.33,-4.7,-7.23,-4,-0.54,-3.9,-3.66,-3.17,0.37,-8.47,-3.62,-10.34,-2.88,-5.74,-4.74,4.95,-0.28,0.41
200002,10.98,1.34,-1.97,11.16,4.34,0.63,0.21,-2,16.29,1.73,10.16,1.37,1.31,0.07,2.46,-1.87,-0.75,-4.01,2.45,21.7,-9.93,0.43
200003,-0.26,8.34,10.58,-1.8,5.28,9.89,10.22,10.2,-5.4,5.78,6.87,4.39,11.07,8.93,8.38,12.01,12.49,6.38,5.2,-16.87,7.37,0.47
200004,-8.42,-1.19,-4.17,-9.23,-3.9,-1.6,0.12,-5.18,-10.63,-6.49,-4.98,-3.28,-1.35,-1.8,0.68,-0.4,-8.66,0.96,-6.4,-7.72,8.61,0.46
200005,-6.39,-2.46,-2.05,-7.18,-0.72,-2.3,-1.79,-2.84,-9.87,-2.36,-3.21,0.65,-2.14,-2.43,-4.46,0.74,-4.78,0.28,-4.42,-5.11,2.57,0.5
200006,7.91,0.4,4.31,10.1,1.21,-1.42,0.52,5.91,15.01,2.22,-0.3,2.02,-0.52,-2.16,2.25,-1.04,6.63,4.76,4.64,13.85,-9.86,0.4
200007,-5.31,0.11,-1.98,-6.24,1.35,-2.2,-1.13,-1.62,-9.9,2.14,-2.27,4.09,-2.48,-1.81,0.48,-2.92,0.3,-4.54,-2.51,-2.76,8.06,0.48
200008,10.66,7.65,6.2,11.65,7.37,7.95,7.02,6.13,13.52,7.92,7.57,7.23,9.76,5.4,7.57,6.4,6.61,5.35,7.03,-1.15,-0.66,0.5
200009,-7.12,-3.46,-4.4,-8.61,0.9,-3.99,-9.72,-0.79,-7.36,-11.22,-2.25,3.16,-5.38,-1.97,-6.33,-13.63,0.15,-2.32,-5.45,-1.32,6.13,0.51
200010,-9.01,-2.62,2.23,-9.72,-4.61,-3.16,0.92,1.53,-11.26,-6.39,-6.83,-3.12,-1.67,-5.27,-1.79,4.3,1.15,2.17,-2.76,-3.81,5.64,0.56
200011,-19.83,-7.76,-6.05,-21.48,-8.28,-9.03,-8.55,-5.21,-25.47,-13.3,-14.95,-3.97,-12.32,-4.09,-8.61,-8.47,-5.63,-4.49,-10.72,-2.77,11.26,0.51
200012,2.64,2.48,0.72,2.2,3.19,5.93,-1.89,1.92,0.87,4.56,3.85,2.81,5.79,6.11,-1.07,-2.86,1.62,2.42,1.19,0.96,7.38,0.5
200101,7.21,2.44,2.59,7.61,0.88,4.49,6.7,0.01,7.2,8.31,6.13,-2.24,4.25,4.8,3.13,10.81,-0.7,1.18,3.13,6.54,-4.86,0.54
200102,-13.99,-11.31,-5.45,-16.39,-8.41,-9.6,-10.86,-5,-20.18,-9.89,-7.52,-8.97,-8.55,-11.01,-14.62,-6.75,-3.7,-7.1,-10.05,-0.72,12.87,0.38
200103,-9.44,-5.39,-6.38,-11.46,-3.3,-3.42,-7.48,-6.71,-13.97,-7.65,-4.53,-2.5,-3.56,-3.24,-9.57,-5.39,-7.51,-5.35,-7.26,0.35,6.46,0.42
200104,10.82,8.47,6.73,12.26,7.46,9.03,9.71,5.3,13.64,10.32,7.54,7.41,10.95,6.38,8.49,10.89,4.85,6.04,7.94,0.54,-4.72,0.39
200105,0.06,1.12,1.4,0.13,0.1,1.11,1.39,1.53,0,0.31,-0.1,0.22,1.47,0.59,1.75,1.05,2.11,0.58,0.72,2.58,3.17,0.32
200106,-2.05,-1.66,-1.32,-1.48,-1.03,-1.93,-0.51,-2.37,-0.84,-2.38,-3.42,0.46,-2.27,-1.43,-2.74,1.6,-3.69,-0.19,-1.94,6.03,-1.03,0.28
200107,-6.88,-1.54,0.04,-8.05,-2.85,-4.21,1.55,-0.23,-12.12,-3.45,-3.86,-2,-4.98,-2.9,3.2,0.51,-0.36,-0.02,-2.13,-4.35,5.57,0.3
200108,-8.7,-6.78,-4.73,-8.96,-5.77,-8.23,-5.38,-4.62,-11.03,-6.85,-8.06,-3.82,-9.35,-6.34,-6.11,-4.91,-5.79,-2.62,-6.46,2.5,2.5,0.31
200109,-14.44,-9.39,-6.56,-13.57,-12.44,-11.38,-8.21,-4.98,-17.72,-9.51,-16.56,-9.09,-12.09,-10.22,-6.49,-9.31,-4.76,-5.34,-9.25,-6.12,1.6,0.28
200110,5.41,2.78,1.7,3.39,6.39,3.99,2.71,0.45,10.16,-2.64,10.56,3.3,3.99,3.99,0.67,3.99,0.09,1.06,2.46,7.63,-8.1,0.22
200111,10.51,8.25,6.68,9.5,9.33,8.6,8.33,5.86,13.72,5.25,12.92,6.49,8.86,8.21,8.69,8.11,5.76,6.03,7.54,-0.41,2.01,0.17
200112,1.55,2.09,1.26,2.63,-0.4,2.12,2.31,0.96,1.58,3.77,-0.96,0.06,0.84,4.17,3.15,1.79,0.82,1.19,1.61,4.57,1.1,0.15
200201,-4.16,-0.72,-0.29,-6.44,-1.07,-0.77,0.57,-0.77,-8.52,-4.23,1.37,-3.09,-1.64,0.59,0.62,0.55,-0.46,-1.3,-1.44,1.19,3.33,0.14
200202,-7.84,-1.32,-0.74,-6.47,-5.32,-2.65,-1.39,0.28,-6.86,-6.08,-10.89,-0.53,-2.25,-3.26,0.31,-2.45,0.78,-0.55,-2.29,-1.1,2.5,0.13
200203,6.39,4.64,3.56,4.71,7.57,5.24,5.29,1.84,6.32,3.08,10.32,5.45,4.47,6.42,3.33,6.55,0.99,3.29,4.24,4.23,1.1,0.13
200204,-6.94,-4.02,-5.51,-8.03,-3.3,-4.15,-3.96,-6.72,-10.16,-5.8,-4.52,-2.31,-5.7,-1.81,-4.71,-3.5,-6.63,-6.89,-5.2,5.94,3.93,0.15
200205,-2.94,-1.44,-0.63,-3.78,-2.16,-1.1,-1.04,-0.42,-3.46,-4.1,-1.15,-2.95,-1.61,-0.37,-1.14,-0.97,-0.86,0.34,-1.38,-3.21,1.68,0.14
200206,-10.88,-4.83,-7.45,-12.27,-6,-5.54,-7.11,-6.48,-12.26,-12.27,-7.98,-4.41,-4.2,-7.41,-4,-9.02,-4.88,-9.15,-7.21,4.27,0.12,0.13
200207,-11.11,-9.97,-5.37,-11.15,-10.28,-9.2,-9.56,-4.04,-12.61,-9.14,-11,-9.77,-6.54,-11.35,-10.99,-8.28,-3.49,-4.78,-8.18,-5.3,-3.44,0.15
200208,0.56,1.46,0.06,0.74,0.1,0.38,1.18,0.46,1.72,-0.56,0.12,0.09,-0.82,1.4,3.54,-0.87,-0.3,1.49,0.5,-2.44,2.53,0.14
200209,-10.85,-10.53,-10.02,-11.11,-9.91,-10.71,-9.47,-10.76,-8.7,-14.4,-10.21,-9.7,-11.03,-10.44,-10.77,-8.29,-11.46,-9.84,-10.35,2.57,1.32,0.14
200210,8.32,9.07,7.32,8.68,8.29,9.97,8.32,6.81,10.1,6.62,7.45,8.87,8.2,11.43,8.13,8.48,6.7,6.95,7.84,-2.9,-5.45,0.14
200211,11.94,6.22,3.66,13.03,8.26,8.57,3.05,3.79,11.99,14.53,9.33,7.53,9.95,7.46,2.69,3.37,4.72,2.59,5.96,2.84,-1.12,0.12
200212,-8.95,-7.02,-3.56,-10.27,-6.87,-7.69,-4.32,-3.79,-10.51,-9.92,-5.69,-7.69,-8.66,-6.89,-5.78,-3.05,-5.35,-1.73,-5.76,0.01,2.23,0.11
200301,-1.13,-4.13,-2.3,-1.09,-4.07,-3.22,-2.87,-2.51,-2.82,1.36,-1.24,-6.08,-1.91,-4.27,-4.11,-1.82,-3.46,-1.3,-2.57,1.38,-0.94,0.1
200302,-3.12,-1.15,-2.05,-2.83,-3.89,-0.16,-1.92,-1.68,-4.21,-0.96,-3.82,-3.94,-0.5,0.12,-0.79,-2.87,-0.76,-2.82,-1.88,-0.34,-1.45,0.09
200303,-0.02,1.17,1.56,-0.06,-0.34,0.8,2.02,1.58,0.89,-1.29,0.06,-0.63,0.17,1.31,2.62,1.51,1.87,1.2,1.09,0.89,-2.07,0.1
200304,11.46,9.02,6.68,12,10.28,7.73,7.79,6.95,13.61,9.86,10.16,10.37,8.81,6.95,9.8,6.05,7.8,5.87,8.22,0.56,1.03,0.1
200305,10.76,5.71,4.8,11.92,6.74,6.35,4.8,4.84,12.49,11.13,7.96,5.83,9.62,3.94,4.92,4.7,4.46,5.33,6.05,4.69,-0.29,0.09
200306,1.32,1.48,1.36,2.04,-0.16,1.65,1.33,1.64,2.18,1.84,-0.47,0.07,1.75,1.58,2.04,0.7,1.15,2.29,1.42,1.67,0.69,0.1
200307,5.12,3.73,-0.16,3.71,6.68,4.16,1.26,-0.49,5,2.7,7.61,5.33,4.62,3.92,2.08,0.62,-1.08,0.09,2.35,5.24,-1.14,0.07
200308,3.11,3.57,1.02,4.75,2.45,3.18,2.85,0.32,5.64,4.04,0.31,5.62,0.56,4.55,3.15,2.62,0.62,0.02,2.34,2.6,2.03,0.07
200309,-2.7,-1.07,-0.36,-3.08,-2.27,-0.16,-1.98,0.4,-1.3,-4.51,-2.02,-2.63,0.43,-0.46,-1.87,-2.07,0.1,0.7,-1.24,0.8,0.01,0.08
200310,7.49,7.11,4.6,8.87,7.24,5.59,6.11,4.66,9.14,8.64,5.08,10.31,7.24,4.76,8.21,4.46,3.71,5.6,6.08,2.68,1.77,0.07
200311,2.15,0.72,1.62,2.47,1.46,0.8,0.68,1.86,1.77,3.06,1.56,1.32,0.97,0.71,0.22,1.06,0.92,2.76,1.35,2.02,1.85,0.07
200312,4.81,4.04,4.53,3.39,6.36,5.07,3.48,4.33,2.34,4.26,7.4,4.94,4.28,5.47,1.59,5.01,4.55,4.11,4.29,-3,2.41,0.08
200401,4.17,1.22,1.72,4.71,3.05,0.71,2.26,1.15,7.88,2.14,3.22,2.81,1.06,0.53,1.26,3.03,0.81,1.47,2.15,2.8,1.97,0.07
200402,0.28,2.17,1.66,-0.44,2.28,1.13,2.38,1.72,-1.89,0.79,1.56,3.3,2.55,0.39,3.5,1.52,1.86,1.6,1.4,-1.43,0.5,0.06
200403,-1.51,-0.76,-1.54,-1.65,-1.19,-1.41,-0.69,-1.45,-2.86,-0.65,-1.27,-1.09,0.34,-2.34,0.64,-1.74,-2.41,-0.55,-1.32,1.75,0.22,0.09
200404,-3.81,-2.32,-0.1,-4.48,-3.03,-1.8,-1.83,0.41,-6.01,-3.26,-2.67,-3.52,-3.99,-0.57,-2.52,-1.27,0.89,-0.02,-1.83,-2.06,-2.62,0.08
200405,2,1.36,0.72,2.04,2.14,1.4,1.2,0.31,1.85,2.19,1.92,2.45,0.38,1.96,0.64,1.65,1.17,-0.49,1.17,-0.21,-0.39,0.06
200406,1.96,1.85,1.78,1.88,1.67,2.62,2.23,1.13,1.22,2.39,2.09,1.08,1.72,3.1,0.9,3.26,0.02,2.18,1.86,2.26,1.39,0.08
200407,-7.39,-2.94,-3.03,-8.29,-4.89,-3.55,-1.79,-3.56,-10.06,-5.96,-6.01,-3.79,-4.29,-2.99,-1.41,-2.06,-3.01,-4.48,-4.06,-3.81,4.11,0.1
200408,-1.45,0.26,0.72,-2.55,0.45,-0.13,0.15,1.2,-2.85,-2.18,0.2,0.68,-1.28,0.73,0.54,-0.14,1.49,0.7,0.08,-1.62,1.03,0.11
200409,3.92,1.35,0.87,3.98,2.24,1.02,2.36,0.03,3.76,4.26,3.84,0.73,2.35,0.04,2.25,2.44,-0.5,0.92,1.6,3.03,-0.25,0.11
200410,2.2,1.32,1.53,3.64,0.49,1.11,2.43,0.82,3.8,3.43,0.04,0.92,2.36,0.16,1.9,2.83,1.04,0.45,1.43,0.31,-0.63,0.11
200411,6.65,4.66,3.94,6.88,5.78,4.25,3.93,4.3,7.58,6.01,6.29,5.31,4,4.44,4.78,3.31,3.54,5.59,4.54,3.9,1.79,0.15
200412,4.41,3.01,3.6,4.91,3.89,1.67,3.36,4.03,5.02,4.78,3.62,4.13,1.93,1.47,4.09,2.83,3.61,4.73,3.43,0.11,-0.08,0.16
200501,-5.18,-2.03,-1.88,-5.03,-4.04,-2.51,-1.76,-1.57,-6,-3.77,-5.43,-2.76,-2.79,-2.28,-0.84,-2.43,-1.68,-1.4,-2.76,-1.51,1.96,0.16
200502,1.46,1.62,2.9,0.41,2.77,1.61,3.44,1.63,-0.22,1.21,3.16,2.43,1.99,1.31,1.07,5.21,2.51,0.18,1.89,-0.5,1.65,0.16
200503,-1.68,-1.61,-1.79,-2.34,-2.25,-1.08,-1.99,-1.22,-3.76,-0.54,-0.64,-3.69,-0.67,-1.41,-0.86,-2.81,-1.19,-1.26,-1.97,-1.37,1.61,0.21
200504,-3.6,-1.66,-2.38,-4.07,-3.4,-1.5,-1.78,-2.13,-4.77,-3.2,-2.88,-3.89,-3.38,0.01,-0.35,-2.84,-1.61,-3,-2.61,-3.98,-0.35,0.21
200505,5.85,3.61,3.19,5.71,5.45,3.58,3.17,3.04,6.27,5.02,6.07,4.87,4.22,3.08,2.81,3.44,2.24,4.41,3.65,2.88,-0.81,0.24
200506,0.4,0.68,0.8,0.15,0.92,1.12,0.6,0.59,0.2,0.08,0.79,1.05,1.8,0.58,-0.18,1.19,0.07,1.45,0.57,2.62,2.63,0.23
200507,4.6,4.29,3.73,4.48,4.33,5.7,3.59,3.26,6.39,3.11,4.78,3.9,5.71,5.7,2.27,4.64,3.58,2.66,3.92,2.93,-0.52,0.24
200508,0.52,-1.34,-1.37,0.08,-0.34,-0.42,-2.49,-0.78,-0.18,0.28,1.15,-1.83,0.04,-0.98,-2.5,-2.48,0.17,-2.51,-1.22,-0.92,1.27,0.3
200509,0.4,0.74,1.05,0.85,0.53,1.17,-0.28,1.68,1.73,0.21,-0.24,1.31,1.02,1.34,-0.44,-0.16,2.22,0.68,0.49,-0.58,0.77,0.29
200510,-1.08,-1.76,-1.98,-1.62,-0.65,-1.56,-1.26,-2.95,-3.49,-0.23,-0.28,-1.02,-0.29,-3.14,-2.73,-0.14,-3.47,-1.9,-2.02,-1.21,0.22,0.27
200511,4.55,4.44,3.08,4.08,5.2,4.81,3.43,2.8,3.83,4.25,5.24,5.15,5.49,3.94,3.2,3.61,2.76,2.87,3.61,0.9,-1.19,0.31
200512,-0.02,0.28,-0.19,0.81,-0.56,0,0.11,0,2.34,-0.3,-1.21,0.09,-0.25,0.32,0.96,-0.53,-0.11,0.21,-0.25,-0.46,0.44,0.32
200601,4.54,2.91,3.11,4.18,3.04,3.51,2.87,3.47,5.25,3.39,5.06,1.01,2.69,4.56,3.43,2.45,3.39,3.63,3.04,5.42,1.13,0.35
200602,-0.32,0.84,-0.44,-0.66,0.43,0.22,1.13,-0.9,-0.5,-0.79,0.17,0.71,0.55,-0.2,2.05,0.41,-1.04,-0.63,-0.3,-0.37,-0.25,0.34
200603,2.1,2.03,1.47,2.48,2.25,2.16,1.11,1.64,2.82,2.22,1.58,2.95,1.48,3.02,1.05,1.16,1.42,2.09,1.46,3.54,0.6,0.37
200604,0.42,1.58,1.01,1.56,-0.38,1.94,0.86,1.51,-0.11,2.83,-1.23,0.5,1.9,1.98,1.85,0.11,1.4,1.71,0.73,-1.34,2.61,0.36
200605,-3.13,-3.37,-2.6,-2.83,-3.01,-3.55,-3.05,-2.67,-5.35,-1.06,-3.56,-2.44,-3.41,-3.72,-3.8,-2.47,-2.69,-2.62,-3.57,-3.05,2.54,0.43
200606,-0.3,-0.54,0.97,-0.64,-0.81,-0.45,1,0.69,-1.85,0.17,0.21,-1.84,-1.08,0.33,0.36,1.5,0.93,0.21,-0.35,-0.35,0.87,0.4
200607,-2.18,0,0.3,-2.58,-2.18,0.2,0.48,0.44,-3.18,-2.19,-1.69,-3.05,-1.08,1.19,1.01,0.14,1.65,-1.81,-0.78,-4.07,2.94,0.4
200608,3.38,2.27,2.19,3.86,2.59,2.33,2.51,1.74,4.45,3.48,2.78,2.24,2.79,1.97,2.2,2.71,0.82,3.5,2.03,0.91,-1.71,0.42
200609,1.74,2.92,2.01,1.86,1.92,3.44,2.54,1.41,0.87,2.5,1.59,2.5,3.82,3.15,2.28,2.7,1.65,0.96,1.84,-1.37,0.04,0.41
200610,4.28,2.95,3.76,4.92,3.79,3.27,2.54,4.46,4.39,5.25,3.47,4.36,3.3,3.24,1.84,2.98,4.59,4.21,3.23,1.73,-0.03,0.41
200611,2.61,1.56,2.31,2.54,2.44,1.46,1.32,3.31,2.76,2.4,2.7,1.96,2.38,0.76,1.55,1.17,3.85,2.29,1.71,0.86,0.08,0.42
200612,1.47,1.95,0.47,1.64,1.51,2.62,1.03,-0.12,1.45,1.76,1.26,1.97,2.05,3.07,0.84,1.15,-0.01,-0.35,0.87,-1.1,3.16,0.4
200701,2.05,1.77,1.65,1.99,1.78,1.61,2.17,1.25,2.08,1.93,2.13,1.16,0.66,2.38,2.28,2.11,0.53,2.66,1.4,0.1,-0.11,0.44
200702,-0.93,-1.73,-1.86,-1.58,-0.16,-2.17,-1.86,-1.73,-1.01,-1.94,-0.09,-0.29,-1.31,-2.85,-1.64,-2,-2.42,-0.41,-1.96,1.32,-0.1,0.38
200703,1.2,1.03,1.22,1,1.29,1.03,0.7,1.9,0.8,1.12,1.46,0.98,1.91,0.32,1.07,0.46,2.34,1.05,0.68,-0.05,-0.22,0.43
200704,3.38,3.44,4.93,3.47,3.14,3.87,4.21,4.9,4.17,3.03,3.28,2.89,3.93,3.81,3.01,4.98,4.96,4.77,3.49,-2.06,-1.15,0.44
200705,3.4,3.48,3.77,2.44,4.06,2.98,3.35,4.74,2.64,2.32,4.62,3.04,4.69,1.58,4.47,2.65,5.03,4.18,3.24,0.02,-0.04,0.41
200706,-1.49,-2.34,-1.04,-1.05,-2.08,-2.09,-1.81,-0.92,-0.67,-1.28,-2.03,-2.18,-0.26,-3.62,-2.83,-1.17,-0.71,-1.33,-1.96,0.77,-1.12,0.4
200707,-4.66,-3.46,-2.59,-4.82,-3.98,-3.21,-3.47,-2.03,-3.67,-5.62,-4.37,-3.67,-2.29,-3.81,-3.72,-3.32,-1.37,-3.39,-3.73,-2.51,-3.33,0.4
200708,1.19,1.87,1.09,1.06,2.16,1.25,2.03,0.48,1.52,0.72,1.43,2.74,1.09,1.35,2.26,1.89,1.03,-0.69,0.92,-0.13,-2.24,0.42
200709,3.51,3.11,3.82,3.66,3.1,3.52,2.49,4.87,4.39,3.12,3.26,2.97,4.52,2.85,2.55,2.46,5.3,3.95,3.22,-2.29,-1.86,0.32
200710,1.63,1.81,2.61,0.77,1.97,2.64,1.14,3.68,1.16,0.47,3.17,1.03,4.97,1.09,1.02,1.21,4.26,2.36,1.8,0.22,-2.6,0.32
200711,-6,-4.86,-3.57,-7.68,-4.72,-4.46,-3.29,-4.35,-7.47,-7.83,-3.01,-6.08,-2.35,-5.93,-4.61,-2.51,-3.84,-5.53,-4.83,-2.62,-1.18,0.34
200712,-1.05,-1.58,0.54,-1.23,-0.75,-1.34,-1.31,1.36,-1.84,-0.78,-0.75,-0.76,-0.38,-2.03,-2.61,-0.55,2.33,-0.89,-0.87,0.2,-0.51,0.27
200801,-6.6,-6.1,-5.62,-7.43,-6.12,-6.95,-3.9,-6.95,-9.63,-5.8,-5.22,-6.86,-9.05,-5.4,-4.01,-3.83,-6.79,-7.34,-6.36,-0.9,3.65,0.21
200802,-2.12,-5.18,-1.51,-3.43,-2.87,-4.95,-3.64,-0.69,-3.39,-3.45,0.01,-5.28,-4.26,-5.44,-5.5,-2.58,-0.93,-0.1,-3.09,-0.24,-0.94,0.13
200803,-0.95,-0.84,-0.38,-0.46,-3.17,1.34,-1,-0.24,-2.8,1.19,-1.72,-4.46,0.1,2.24,-1.79,-0.56,-0.27,-0.18,-0.93,0.95,-0.14,0.17
200804,4.02,4.82,4.76,4.27,4.51,4.31,4.3,5.53,7.1,2.34,3.62,5.32,5.72,3.3,5.36,3.73,5.8,4.89,4.6,-1.64,-0.95,0.18
200805,3.35,0.74,2.5,3.36,1.91,0.97,1.76,2.5,3.34,3.37,3.35,0.63,3.09,-0.56,0.41,2.51,1.31,5.35,1.86,3.22,-1.38,0.18
200806,-10.38,-10.52,-5.79,-11.58,-9.48,-9.74,-8.67,-4.96,-9.67,-12.93,-8.44,-10.44,-8.6,-10.59,-11.95,-6.91,-4.54,-5.92,-8.44,1.28,-2.42,0.17
200807,-0.59,0.62,-1.81,0.09,0.1,1.78,-0.28,-3.56,0.12,0.06,-1.53,2.33,5.62,-0.07,-1.98,1.18,-5.51,-0.02,-0.77,2.45,5.88,0.15
200808,0.44,1.65,1.98,0.09,0.66,1.92,1.92,1.94,1.12,-0.89,0.94,0.29,0.53,2.63,1.77,2.04,1.57,2.58,1.53,3.61,1.52,0.13
200809,-12.66,-8.48,-7.94,-15.19,-10.51,-7.2,-8.12,-8.3,-10.42,-19.81,-9.1,-12.35,-4.98,-8.31,-9.04,-7.36,-8.39,-8.14,-9.24,-1.16,6.33,0.15
200810,-21.26,-17.1,-15.08,-24.95,-19.25,-15.98,-15.15,-15.81,-25.52,-24.33,-16.41,-23.05,-20.36,-13.72,-16.68,-13.9,-15.92,-15.61,-17.23,-2.32,-2.89,0.08
200811,-13.45,-7.83,-5.3,-15.2,-9.88,-8.41,-6.9,-4.26,-16.61,-13.69,-11.39,-7.69,-13.6,-5.93,-6.88,-6.92,-1.89,-8.47,-7.86,-2.96,-6.02,0.03
200812,2.46,1.25,1.97,3.72,3.48,0.41,2.43,0.79,0.33,7.26,1.05,6.86,-1,1.02,0.64,3.85,-0.13,2.55,1.74,3.61,-0.25,0
200901,-7.64,-10.51,-6.15,-7.95,-7.58,-12.22,-7.13,-6.24,-8.32,-7.59,-7.28,-7.98,-14.42,-11.28,-8.6,-6.01,-5.65,-7.33,-8.12,0.08,-11.18,0
200902,-11.2,-10.52,-9.11,-10.97,-11.84,-12.09,-8.92,-8.43,-11.82,-10.17,-11.47,-12.32,-13.48,-11.52,-7.26,-10.16,-9.29,-6.81,-10.1,0.22,-7.27,0.01
200903,11.14,9.07,7.98,14.56,8.18,8.43,9.59,7.18,14.86,14.3,7.2,9.48,11.97,6.98,9.89,9.34,5.86,9.61,8.95,-0.08,3.56,0.02
200904,12.42,11.33,7.76,14.22,10.09,11.89,8.75,8.28,13.13,15.21,10.16,10,17.33,9.58,10.95,6.9,7.08,10.39,10.19,4.77,5.53,0.01
200905,5.97,4.4,5.51,7.92,4.51,3.57,5.84,4.95,6.7,9.02,3.45,5.86,4.23,3.27,5.13,6.46,5.48,4.04,5.21,-2.34,-0.23,0
200906,0.54,-0.07,0.95,1.05,0.11,0.66,-0.25,1.1,2.44,-0.18,-0.15,0.43,1.88,0.11,-1.35,0.7,-0.89,4.58,0.43,2.62,-2.72,0.01
200907,8.06,9.1,6.34,8.03,9.01,8.82,8.23,5.89,9.64,7.09,8.11,10.48,8.27,9.1,8.93,7.39,6.67,5.29,7.72,2.07,5.28,0.01
200908,7.24,2.55,2.11,6.01,6.09,2.76,2.53,1.95,9.06,4.22,8.79,1.82,3.7,2.28,2.58,2.46,2.52,1.51,3.33,-0.9,7.75,0.01
200909,3.89,4.78,3.62,5.52,2.52,6.09,3.38,3.93,5.72,5.4,1.88,3.61,5.48,6.41,3.74,2.94,4.6,3.4,4.08,2.46,0.93,0.01
200910,-5.66,-2.92,-0.16,-6.3,-4.23,-4.18,-1.07,0.11,-8.43,-4.99,-4.86,-3.18,-5.72,-3.39,-1.33,-0.77,-0.69,0.74,-2.59,-4.23,-4.18,0
200911,3.85,6.01,5.91,3.34,3.74,6.38,6.6,5.73,3.37,3.33,4.51,2.53,5.36,6.89,6.84,6.31,5.81,5.67,5.56,-2.5,-0.17,0
200912,3.04,3.53,2.04,3.64,3.57,3.35,3.26,1.36,4.29,3.26,2.27,5.66,4.95,2.56,2.99,3.59,2.87,0.17,2.75,6.1,0,0.01
201001,-2.14,-3.51,-3.99,-2.23,-2.31,-3.24,-3.83,-4.18,-3.84,-1.26,-2.02,-2.76,-4.78,-2.47,-4.07,-3.55,-4.44,-3.98,-3.36,0.38,0.3,0
201002,4.34,2.88,3.47,4.62,4.07,2.5,3.16,3.42,4.43,4.74,3.97,4.22,3.07,2.23,2.82,3.57,3.26,3.55,3.4,1.21,3.16,0
201003,7.21,6.43,5.51,6.95,6.66,7.63,5.56,5.44,7.91,6.38,7.56,5.24,9.57,6.67,5.48,5.66,6.14,4.88,6.31,1.43,2.11,0.01
201004,1.62,1.86,2.16,2.39,1.87,1.24,1.47,2.68,5.28,0.67,0.63,3.86,2.83,0.44,1.86,1,3.87,1.71,2,4.97,2.81,0.01
201005,-8.29,-7.35,-8.01,-7.42,-8.65,-7.45,-7.38,-8.2,-8.78,-6.57,-9.42,-7.44,-8.2,-7.05,-7.21,-7.59,-8.18,-8.21,-7.89,0.05,-2.38,0.01
201006,-5.88,-5.4,-5.48,-4.98,-6.13,-5.85,-5.15,-5.62,-8.82,-2.63,-7.08,-4.69,-6.84,-5.34,-5.14,-5.17,-6.06,-5.25,-5.56,-1.97,-4.5,0.01
201007,5.96,7.29,6.88,6.94,5.96,7.81,6.89,6.77,6.88,6.99,4.57,7.26,7.59,8.07,6.68,7.06,6.38,7.33,6.93,0.17,-0.26,0.01
201008,-5.81,-5.22,-3.88,-7.69,-5.3,-4.67,-4.3,-3.77,-7.87,-7.53,-3.04,-7.34,-2.45,-7.4,-4.62,-4.06,-3.45,-4.22,-4.77,-3,-1.95,0.01
201009,10.02,9.12,9.63,10.58,9.5,9.29,9.09,9.7,10.25,10.88,9.23,9.76,9.28,9.3,8.56,9.5,10.31,8.81,9.54,3.92,-3.13,0.01
201010,2.84,3.47,4.38,3.34,1.46,3.52,4.64,4.36,2.78,3.85,2.12,0.83,3.62,3.38,4.94,4.42,3.77,5.25,3.88,1.13,-2.6,0.01
201011,1.36,-0.4,1.02,1.56,0.78,-0.17,0.53,0.55,1.55,1.57,1.07,0.5,0.9,-1.55,-1.17,1.8,1.41,-0.71,0.6,3.7,-0.9,0.01
201012,9.15,7.56,5.2,10.93,8.19,6.58,6.43,4.94,12.41,9.61,6.63,9.7,5.87,7.52,7.53,5.62,5.17,4.59,6.82,0.69,3.82,0.01
201101,2.2,2.85,1.52,3.11,2.34,3.1,2.09,1.15,3.12,3.1,0.86,3.73,3.08,3.14,2.04,2.13,1.28,0.96,1.99,-2.47,0.82,0.01
201102,4.6,4.04,2.78,3.64,5.41,3.48,3.96,2.2,3.69,3.59,6.07,4.8,4.67,1.93,4.29,3.72,1.91,2.64,3.49,1.53,1.1,0.01
201103,-0.72,0.67,0.83,-0.81,-0.46,1.06,0.67,0.99,-0.3,-1.27,-0.59,-0.34,1.05,1.06,0.79,0.58,1,0.98,0.45,2.6,-1.58,0.01
201104,1.95,2.8,3.45,1.42,2.21,3.29,3.35,3.28,1.59,1.27,2.74,1.71,3.9,2.48,2.84,3.72,2.9,3.86,2.9,-0.34,-2.52,0
201105,-3.03,-1.29,-0.6,-3.63,-2.1,-1.06,-1.46,0.08,-4.8,-2.54,-2.16,-2.05,-0.38,-1.97,-1.14,-1.69,-0.77,1.36,-1.27,-0.7,-2.08,0
201106,-3.12,-2,-0.87,-3.75,-2.37,-2.01,-1.06,-1.04,-3.29,-4.18,-2.2,-2.53,-1.63,-2.53,-1.69,-0.6,-1.69,-0.09,-1.75,-0.16,-0.32,0
201107,-4.68,-2.65,-1.18,-5,-3.77,-2.26,-2.54,0.1,-4.12,-5.44,-3.87,-3.72,-2.68,-1.99,-2.33,-2.68,-0.5,0.68,-2.36,-1.35,-1.21,0
201108,-9.6,-5.89,-4.88,-10.02,-7.46,-6.52,-4.89,-4.57,-10.82,-9.61,-8.61,-6.98,-9.12,-4.82,-4.33,-5.25,-4.84,-4.32,-5.99,-3.05,-2.48,0.01
201109,-10.65,-7.35,-6.83,-10.67,-9.72,-7.58,-6.94,-6.04,-11.87,-10.09,-10.59,-9.37,-10.41,-5.83,-5.64,-7.78,-4.72,-7.29,-7.59,-3.53,-1.41,0
201110,14.73,11.16,10.64,14.39,13.44,12.59,10.42,9.8,12.69,15.21,15.56,12.59,14.64,11.38,8.52,11.68,10.21,9.41,11.35,3.42,-0.18,0
201111,-2.1,-0.1,0.15,-2.59,-0.86,0.1,-0.04,0.42,-1.53,-3.08,-0.95,-0.81,-0.67,0.57,0.15,-0.17,-0.01,0.85,-0.28,-0.17,-0.34,0
201112,-1.07,1.72,0.45,-1.33,1.8,1.29,0.58,0.87,0.36,-2.14,-0.44,2.71,0.01,2.07,1.55,-0.06,0.97,0.78,0.74,-0.7,1.77,0
201201,7.04,4.2,5.16,7.88,5.79,4.23,3.23,6.52,8.84,7.43,5.09,6.06,7.59,2.27,2.83,3.5,7.29,5.76,5.05,2.15,-1.13,0
201202,4.61,4.32,4.38,4.93,5.3,2.9,3.85,5.37,6.7,4.09,3.86,5.86,3.27,2.68,4.96,3.14,6.74,4.02,4.42,-1.75,0.08,0
201203,2.89,3.19,3.08,3.22,3.76,2.72,2.42,3.82,3.06,3.29,2.09,4.4,2.98,2.57,2.87,2.12,4.91,2.7,3.11,-0.62,0.92,0
201204,-1.84,-0.74,-0.65,-2.29,-1.52,-0.66,-0.75,-0.2,0.22,-3.51,-0.75,-1.81,-1.84,0.08,-0.04,-1.22,-0.44,0.05,-0.85,-0.52,-0.48,0
201205,-8.34,-5.71,-5.89,-8.61,-5.97,-6.59,-5.62,-5.74,-7.41,-9.2,-7.69,-5.32,-8.5,-5.42,-4.94,-6.09,-4.64,-6.89,-6.19,0,-0.59,0.01
201206,4.68,3.71,3.85,5.2,4.53,3.48,4.56,2.58,6.77,4.41,3.47,4.92,2.81,3.88,3.12,5.55,2.22,2.96,3.89,0.76,0.44,0
201207,-1.02,1.39,0.86,-1.69,0.2,1.58,1.57,0.69,-2.96,-1.06,0.36,0.12,2.36,0.54,1.92,1.24,0.63,0.8,0.79,-2.61,-0.27,0
201208,4.13,2.38,2.27,4.12,3.71,2.25,1.78,2.55,4.36,4,4.16,3.47,1.8,2.87,1.9,1.67,3.22,1.28,2.55,0.4,1.31,0.01
201209,3.99,3.41,1.68,4.3,3.52,3.6,2.37,1.67,3.32,4.77,3.38,3.6,4.6,2.25,3.05,1.71,1.11,2.75,2.73,0.49,1.53,0.01
201210,0.08,-1.69,-2.35,0.23,-2.13,-2.39,-0.3,-3.1,-1.91,1.25,-0.22,-3.18,-3.13,-1.36,0.17,-0.76,-4.04,-1.34,-1.76,-1.15,3.79,0.01
201211,0.38,1.17,0.44,0.24,1.56,1.69,0.28,0.36,1.22,-0.2,0.66,2.08,1.18,2.38,-0.06,0.61,-0.22,1.41,0.78,0.59,-0.97,0.01
201212,3.45,1.69,-0.14,4.1,1.88,1.97,1.08,-0.64,3.14,4.55,2.14,1.73,2.43,1.35,1.28,0.88,-1.15,0.28,1.18,1.48,3.58,0.01
201301,7.53,6.27,4.15,8.07,6.17,6.04,6.09,3.51,7.88,8.16,6.42,6.03,4.81,7.71,6.73,5.46,2.16,5.92,5.57,0.39,0.95,0
201302,1.57,1.42,1.16,1.38,1.59,1.23,1.47,1.13,0.5,1.77,1.99,1.36,1.55,0.8,1.71,1.23,1.05,1.27,1.29,-0.45,0.03,0
201303,4.82,3.88,3.8,4.36,4.31,3.58,4.06,3.89,5.32,3.94,5.77,3.48,4,3,4.53,3.6,3.22,5.04,4.03,0.81,-0.3,0
201304,1.11,1.32,1.83,1.91,-0.82,1.67,2.21,1.66,3.22,1.32,-0.55,-0.97,2.79,0.15,2.24,2.18,2.23,0.69,1.55,-2.42,0.62,0
201305,5.03,2.42,2.45,6.32,3.39,1.99,2.1,2.6,5.08,6.9,2.24,4.05,1.3,2.95,2.04,2.15,3.11,1.73,2.8,1.66,2.6,0
201306,-1.76,-0.2,-2.19,-2.24,-0.41,0.16,-1.34,-2.28,-1.23,-2.69,-0.7,-0.24,0.1,0.24,-0.66,-2.02,-2.51,-1.87,-1.2,1.17,-0.17,0
201307,7.41,5.6,5,8.42,6.27,4.87,5.54,5.08,8.79,8.2,6.16,6.38,4.37,5.45,6.18,4.84,5.29,4.65,5.65,1.86,0.56,0
201308,-2.6,-3.3,-2.09,-2.11,-3.01,-3.6,-3.1,-1.64,-1.71,-2.34,-3.22,-2.8,-3.86,-3.31,-3.17,-3.04,-0.86,-3.21,-2.71,0.31,-2.78,0
201309,4.83,3.68,3.23,5.96,3.88,3.27,3.57,3.2,6.9,5.42,3.38,4.36,3.58,2.92,3.85,3.27,2.85,3.95,3.77,2.92,-1.19,0
201310,2.3,4.55,4.67,1.98,3.14,5.41,3.89,5.09,0.02,3.09,2.72,3.54,5.67,5.11,3.97,3.81,5.48,4.26,4.18,-1.51,1.14,0
201311,3.22,2.67,3.56,2.83,2.87,1.6,4.02,3.55,3.62,2.4,3.73,2.07,1.14,2.11,4.44,3.56,3.86,2.91,3.12,1.22,0.24,0
201312,3.24,2.55,2.59,3.43,3.16,2.91,2.71,1.98,3.29,3.5,3,3.32,4.08,1.61,1.67,3.86,1.47,3.08,2.81,-0.5,-0.31,0
201401,-1.74,-2.51,-4.96,-0.65,-3.29,-1.87,-3.67,-5.16,2.6,-2.48,-3.12,-3.46,-1.18,-2.67,-2.85,-4.55,-5.18,-5.12,-3.32,0.85,-2.09,0
201402,4.34,4.48,4.89,5.56,3.73,3.85,5.21,4.72,6.67,4.91,2.73,4.69,4.34,3.29,5.18,5.23,4.47,5.24,4.65,0.34,-0.4,0
201403,-0.51,0.93,0.79,-2.72,1.72,-0.01,1.5,0.77,-4.66,-1.56,2.45,1.03,-0.22,0.22,2.1,0.82,0.73,0.86,0.43,-1.89,5.09,0
201404,-1.97,-0.73,1.64,-2.19,-1.28,-0.43,0.17,1.69,-5.1,-0.49,-1.7,-0.87,-1.09,0.33,-1.05,1.55,2.14,0.75,-0.19,-4.24,1.14,0
201405,1.52,2.09,2.08,1.77,1.35,2.59,1.72,2.28,1.4,1.99,1.2,1.49,3.77,1.24,1.76,1.67,2.83,1.12,2.06,-1.86,-0.27,0
201406,4.5,2.38,1.82,5.67,2.73,1.94,2.47,1.74,7.73,4.52,3.02,2.46,2.37,1.43,2.92,1.98,2,1.17,2.61,3.08,-0.74,0
201407,-3.54,-2.34,-0.97,-3.89,-2.76,-2.51,-1.84,-0.71,-5.58,-2.78,-3.14,-2.41,-2.42,-2.56,-2.1,-1.52,0.29,-2.63,-2.04,-4.25,0.01,0
201408,5.57,3.57,4.4,6.15,4.43,3.49,3.72,4.55,7.88,5.05,4.92,3.98,3.2,3.68,3.42,4.06,4.78,4.1,4.24,0.36,-0.59,0
201409,-2.84,-1.7,-1.76,-3.54,-1.53,-2.3,-2.03,-1.27,-5.12,-2.52,-2.06,-1.04,-3.07,-1.84,-1.34,-2.85,-1.32,-1.17,-1.97,-3.83,-1.23,0
201410,2.44,2.39,2.43,2.71,1.44,3.38,1.98,2.68,2.15,3.07,2.14,0.79,2.75,3.75,2.08,1.87,2.95,2.13,2.52,4.21,-1.7,0
201411,1.9,1.21,4.09,1.24,1.26,1.95,2.38,4.11,-1.09,2.67,2.62,-0.01,1.55,2.18,0.97,4.06,4.06,4.21,2.55,-2.09,-3,0
201412,0.3,0.89,-1.18,0.43,0.29,1.55,0.05,-1.59,0.17,0.58,0.16,0.4,1.23,1.74,0.32,-0.25,-2.12,-0.51,-0.06,2.55,2.06,0
201501,-4.39,-3.91,-1.81,-5.23,-4.06,-3.82,-2.84,-1.76,-1.9,-7.19,-3.49,-4.6,-4.81,-3.24,-3.65,-1.91,-1.41,-2.47,-3.11,-0.56,-3.48,0
201502,7.46,5.84,6.06,8.63,6.1,6.4,5.81,5.77,9.62,8.03,6.23,5.99,8.09,5.43,5.05,6.68,5.48,6.36,6.13,0.49,-1.81,0
201503,-0.9,-0.82,-1.67,-0.94,-0.58,-0.38,-1.44,-1.88,-0.41,-1.27,-0.87,-0.31,-0.86,-0.09,-1.66,-1.18,-2.61,-0.43,-1.12,3.03,-0.46,0
201504,0.55,0.26,0.97,0.17,0.78,-0.41,0.63,1.28,-0.5,0.6,0.96,0.61,0.5,-0.94,0.95,0.28,1.89,0.08,0.59,-2.98,1.85,0
201505,2.3,1.37,0.97,2.91,1.74,1.59,0.85,1.01,4.92,1.66,1.63,1.85,1.29,1.77,0.82,0.88,0.99,1.06,1.36,0.87,-1.37,0
201506,-1.31,-1.37,-1.87,-0.98,-1.18,-1.41,-1.91,-1.74,-1.48,-0.66,-1.68,-0.71,-1.75,-1.2,-1.7,-2.16,-2.12,-0.98,-1.53,2.83,-0.79,0
201507,0.82,1.74,1.64,-0.08,2.65,1.14,2.28,0.91,-0.24,0.04,1.91,3.16,0.74,1.33,1.51,2.94,-0.77,2.69,1.54,-4.15,-4.12,0
201508,-6.6,-6.08,-5.8,-7.61,-5.41,-6.34,-6.26,-5.53,-10.29,-5.71,-5.41,-5.41,-6.27,-6.37,-6.24,-6.28,-5.64,-5.41,-6.04,0.49,2.66,0
201509,-5.2,-2.79,-2.31,-6.99,-2.74,-2.53,-2.51,-2.65,-9.9,-5.03,-3.12,-2.48,-3.66,-2,-3.45,-1.73,-2.96,-2.32,-3.08,-2.64,0.53,0
201510,6.87,7.79,8.07,6.4,8.59,7.38,8.07,7.58,5.16,7.19,7.4,9.4,7.33,7.4,7.04,8.91,7.87,7.29,7.75,-1.97,-0.07,0
201511,1.79,0.69,0.15,2.99,1.46,0.28,0.79,-0.53,3.73,2.52,0.48,2.11,0.91,-0.01,0.11,1.33,-0.67,-0.4,0.56,3.64,-0.51,0
201512,-3.88,-1.61,-2.13,-4.28,-1.85,-2.04,-1.4,-2.68,-3.2,-4.96,-3.44,-0.82,-3.19,-1.5,-1.65,-1.21,-4.18,-1.16,-2.17,-2.83,-2.59,0.01
201601,-8.59,-5.4,-5.34,-14.21,-5.15,-4.05,-5.58,-5.47,-20.16,-10.35,-2.34,-6.97,-5.97,-3.18,-6.17,-5.12,-7.29,-3.67,-5.77,-3.35,2.08,0.01
201602,-1.96,-0.33,0.91,-3.56,-0.94,0.42,-0.24,1.38,-2.76,-4.03,-0.4,-1.3,0.8,0.26,-0.71,0.12,1.28,1.48,-0.07,0.79,-0.5,0.02
201603,7.04,6.72,7.19,7.42,7.53,6.15,6.61,7.45,8.02,7.06,6.68,8.12,8.55,5.08,6.44,6.75,7.93,7,6.96,0.87,1.16,0.02
201604,3.24,1.81,-0.91,4.03,0.64,2.54,1.26,-1.5,3.61,4.27,2.5,-0.63,2.1,2.74,2.76,0.09,-2.28,-0.75,0.92,0.69,3.26,0.01
201605,2.21,1.6,1.85,2.87,1.93,1.76,1.6,1.65,2.2,3.28,1.58,2.18,2.47,1.43,0.85,2.19,2.84,0.5,1.78,-0.27,-1.81,0.01
201606,-1.78,0.1,0.13,-2.75,-1.29,1.07,-0.04,0.24,-2.88,-2.68,-0.84,-1.6,0.18,1.49,-0.02,-0.05,-1.28,1.74,-0.05,0.65,-1.47,0.02
201607,2.51,3.89,4.68,3.57,3.37,4.11,3.39,4.93,6.79,1.5,1.42,4.7,5.11,3.49,2.81,4.02,5.93,4.12,3.95,2.64,-1.11,0.02
201608,2.04,0.59,-0.16,1.74,1.16,0.73,0.23,-0.12,0.62,2.5,2.36,0.37,0.85,0.66,0.66,-0.24,0.65,-0.76,0.5,1.16,3.34,0.02
201609,1.5,-0.38,0.37,2.83,-0.1,0.56,-0.89,0.56,5.38,1.14,0.13,-0.26,1.05,0.27,-1.59,-0.11,0.79,0.36,0.25,2.02,-1.49,0.02
201610,-2.85,-0.73,-2.74,-3.89,-0.19,-1.4,-3.05,-2.02,-8.81,-0.5,-1.76,0.87,-2.02,-1.02,-1.56,-4.66,-2.18,-1.89,-2.02,-4.39,4.16,0.02
201611,7.17,4.92,4.03,6.33,5.83,4.88,5.24,3.71,7.91,5.35,8.03,4.4,6.24,4.06,5.53,4.91,4.29,3.21,4.86,5.47,8.29,0.01
201612,1.34,2.59,1.39,0.04,2.59,2.59,1.84,1.56,-3.45,2.29,2.64,2.56,2.71,2.52,2.62,0.96,0.94,2.08,1.81,0.1,3.58,0.03
201701,0.52,1.94,2.56,2.89,0.89,0.79,2.79,2.37,5.01,1.59,-1.79,2.7,1.53,0.34,2.51,3.11,3.23,1.64,1.94,-1.04,-2.78,0.04
201702,1.36,4.06,4.09,0.84,3.48,4.46,3.43,4.19,0.08,1.32,1.88,4.53,3.79,4.87,3.1,3.81,2.78,5.41,3.57,-2.02,-1.79,0.04
201703,-0.28,-0.36,0.84,-0.25,-0.47,-0.47,0.18,0.99,0.31,-0.6,-0.31,-0.57,0.51,-1.06,-0.02,0.41,1.44,0.62,0.17,1.2,-3.17,0.03
201704,0.01,1.13,1.69,-0.03,1.86,0.48,0.76,1.68,-0.01,-0.04,0.05,3.02,0.85,0.26,-0.08,1.7,2.63,0.89,1.09,0.71,-1.87,0.05
201705,-0.54,0.77,2.17,-0.66,0.56,0.83,0.76,2.49,-2.02,0.21,-0.42,1.16,1.28,0.54,0.29,1.29,2.23,2.71,1.06,-2.54,-3.78,0.06
201706,1.79,1.45,-0.04,0.92,1.24,2.12,1.69,-0.63,3.21,-0.57,2.63,0.39,2.18,2.09,1.79,1.58,-0.34,-0.87,0.78,2.17,1.35,0.06
201707,2.87,1.89,1.79,2.36,2.13,2.37,2.3,1.28,2.26,2.42,3.21,0.48,2.23,2.51,1.86,2.62,1.13,1.45,1.87,-1.41,-0.29,0.07
201708,-0.91,0.12,0.92,-0.67,-1.36,0.74,0.24,1.3,1.82,-2.2,-1.08,-1.8,1.08,0.42,0.15,0.3,1.91,0.65,0.16,-1.67,-2.24,0.09
201709,4.33,2.76,1.75,5.22,3.89,2.85,1.74,1.78,4.56,5.64,3.75,4.11,2.93,2.76,1.79,1.7,0.08,3.63,2.51,4.55,3.03,0.09
201710,1.49,2.21,2.98,0.34,1.54,4.04,1.89,2.76,-0.37,0.78,2.26,0.4,4.84,3.26,-0.07,3.35,5.43,-0.03,2.25,-1.94,-0.05,0.09
201711,2.1,2.48,4.48,1.35,2.23,3.01,3.34,4.58,2.02,0.94,2.58,1.67,3.47,2.56,1.96,4.32,4.06,5.16,3.12,-0.65,-0.04,0.08
201712,1.58,0.38,1.59,2.32,0.83,0.54,0.91,1.66,2.36,2.29,1.12,0.36,-0.55,1.63,0.09,1.48,1.1,2.27,1.06,-1.28,0.14,0.09
201801,5.72,5.2,6.17,4.1,5.77,6.58,5.07,6.05,6.52,2.56,6.76,4.12,7.74,5.45,3.16,6.38,5.86,6.26,5.58,-3.03,-1.37,0.11
201802,-4.75,-3.48,-3.03,-4.74,-4.42,-3.25,-4.11,-2.22,-3.05,-5.86,-4.76,-3.83,-2.71,-3.78,-3.72,-4.38,-0.34,-4.25,-3.65,0.26,-1.19,0.11
201803,-1.44,-2.49,-2.34,-0.18,-1.75,-3.23,-1.85,-2.68,-0.31,-0.09,-2.23,-0.93,-2.22,-4.23,-1.96,-1.77,-2.74,-2.61,-2.35,3.95,-0.12,0.12
201804,1.59,-0.1,0.53,3.61,0.62,0.39,0.28,-0.18,0.47,5.7,0.3,1.15,-0.14,0.93,-1.85,1.7,0.64,-1.11,0.29,1.12,0.54,0.14
201805,2.95,2.59,2.96,3.99,1.85,4.04,1.62,3.35,7.78,1.61,2.26,1.18,4.68,3.38,0.52,2.33,5.1,1.35,2.65,5.23,-3.16,0.14
201806,1.2,-0.31,1.06,1.39,0.16,-0.36,0.64,1.27,0.95,1.68,1.07,-1.36,-0.11,-0.61,0.48,0.73,1.64,0.81,0.48,1.18,-2.38,0.14
201807,1.67,3.34,4.03,1.39,2.7,4.97,2.77,3.96,-0.81,2.58,2.07,3.2,3.52,5.82,1.06,4.16,4.11,3.76,3.19,-2.17,0.43,0.16
201808,2.99,2.36,4.98,5.53,1.23,2.23,3.15,5.59,9.09,3.67,-0.62,2.68,3.35,1.59,2.34,3.78,7.4,3.09,3.44,1.15,-4.08,0.16
201809,-0.71,-0.36,0.84,-1.38,-0.42,-0.58,0.89,0.63,-2.41,-0.81,0.29,-0.96,-0.6,-0.57,0.41,1.27,0.22,1.22,0.06,-2.37,-1.3,0.15
201810,-9.11,-6.73,-7.67,-9.43,-8.47,-7.12,-5.3,-8.75,-12.75,-7.63,-8.64,-8.34,-7.32,-7,-5.03,-5.5,-9.02,-8.37,-7.68,-4.76,3.44,0.19
201811,1.55,2.3,1.48,2.44,1.25,2.09,2.56,1.01,1.56,2.88,0.22,2.03,3.12,1.49,2.79,2.38,-1.09,3.99,1.69,-0.79,0.25,0.18
201812,-10.22,-9.42,-8.93,-8.82,-10.61,-9.46,-9.01,-9.06,-10.7,-7.86,-12.33,-9.34,-9.78,-9.27,-9.41,-8.69,-10.03,-7.74,-9.55,-2.63,-1.47,0.19
201901,10.3,9.43,7.27,9.21,11.33,8.57,7.52,8.02,15.31,6.23,12.01,10.84,8.6,8.55,9.72,5.85,8.16,7.83,8.41,3.01,-0.62,0.21
201902,3.19,2.96,4.17,2.18,4.29,3.3,3.75,3.58,6.82,-0.24,4.73,3.97,4.89,2.38,1.75,5.32,2.46,5.06,3.4,2.06,-2.84,0.18
201903,-0.76,0.56,2.55,-1.04,-0.11,0.38,1.65,2.83,-1.49,-0.79,-0.33,0.05,-0.53,0.93,1.18,2,3.86,1.5,1.1,-3.13,-4.07,0.19
201904,3.96,4.68,4.07,4.06,5.13,4.26,4.48,3.81,0.43,6.08,3.83,6.08,5.16,3.74,4.33,4.6,4.56,2.81,3.96,-1.68,1.93,0.21
201905,-7.83,-6.77,-6.65,-7.44,-8.02,-6.71,-6.42,-6.66,-6.86,-7.74,-8.42,-7.74,-7.31,-6.36,-6.17,-6.61,-7.51,-5.52,-6.94,-1.2,-2.39,0.21
201906,6.84,6.85,7.52,5.74,8.3,5.64,7.7,7.43,8.16,4.45,8.5,8.17,6.84,4.94,7.7,7.7,8.09,6.55,6.93,0.34,-1.08,0.18
201907,0.68,1.46,1.73,0.71,0.07,2.31,1.51,1.67,-0.45,2.14,0.62,-0.41,3.74,-0.51,1.18,2.01,0.31,3.42,1.19,-2.07,0.14,0.19
201908,-4.3,-3.5,-0.84,-4.14,-2.96,-3.67,-3.83,-0.26,-3.87,-4.47,-4.57,-1.57,-3,-5.06,-4.18,-3.3,-1.29,1.01,-2.58,-2.41,-4.99,0.16
201909,0.88,2.71,1.17,-1.01,3.56,3.12,1.37,1.31,-2.32,0.56,4.13,3.09,3.05,3.28,1.93,0.56,0.97,1.72,1.43,-0.9,6.71,0.18
201910,1.8,1.88,2.87,1.93,0.66,2.7,2.23,2.84,3.19,0.46,1.58,-0.12,2.73,2.66,1.69,3.03,2.82,2.86,2.06,0.25,-2.07,0.15
201911,5.11,3.72,3.81,6.12,3.14,3.56,4.01,3.88,7.35,4.64,3.46,2.87,2.87,5.03,4.35,3.5,3.65,4.16,3.87,0.87,-1.86,0.12
201912,2.55,2.38,3.47,1.65,3.22,2.53,2.43,3.6,1.56,1.76,4.07,2.5,2.9,1.78,2.12,2.9,3.27,4,2.77,0.68,1.83,0.14
202001,0.71,-1.82,0.94,0.65,-0.47,-1.19,-2.55,1.64,0.9,0.34,0.82,-1.6,-0.44,-2.73,-2.83,-2.14,2.35,0.78,-0.11,-3.11,-6.27,0.13
202002,-7.66,-8.85,-7.77,-6.4,-10.24,-8.75,-7.85,-7.83,-5.34,-7.7,-9.75,-10.68,-9.07,-8.06,-8.12,-7.46,-6.95,-8.9,-8.13,0.96,-4.01,0.12
202003,-18.17,-14.42,-10.63,-16.54,-17.8,-17.46,-12.58,-9.31,-15.03,-18.47,-20.95,-14.95,-16.19,-20.1,-9.76,-16.66,-6.72,-12.54,-13.39,-5.16,-14.12,0.12
202004,14.69,12.32,14.27,13.04,14.33,13.54,13.24,13.8,12.85,13.3,17.67,11.5,15.08,10.18,11.06,16.68,13.95,13.6,13.65,2.78,-1.27,0
202005,6.98,4.76,5.39,7.95,4.95,5.19,5.82,4.81,9.98,5.27,5.29,4.65,5.53,4.41,4.21,8.25,3.47,6.6,5.58,2.47,-4.95,0.01
202006,3.06,-0.45,4.16,2.47,2.05,-0.42,0.06,4.76,3.41,1.17,4.12,0.18,-1.03,1,-0.79,1.3,4.27,5.39,2.45,2.56,-2.03,0.01
